{"type": "FeatureCollection", "features": [{"type": "Feature", "properties": {"company": "The Metals Company", "company_full": "The Metals Company USA, LLC", "area_name": "The Metals Company USA, LLC \u2014 application area", "subarea": "Application A \u2014 A-1", "docket": "NOAA-NOS-2025-0702", "area_size": "78,257 km\u00b2", "overlaps_with_named": "Nauru Ocean Resources Inc. (NORI), Tonga Offshore Mining Ltd. (TOML)", "reserved_overlap": "BGR", "us_overlaps_with": "American Metal Resources Lincoln, American Metal Resources Wilson"}, "geometry": {"type": "Polygon", "coordinates": [[[-116.06667, 11.083333], [-116.06667, 11.0], [-115.333, 11.0], [-115.333, 13.0], [-115.0, 13.0], [-115.0, 9.75], [-119.415, 9.75], [-119.41667, 11.083333], [-117.81667, 11.083333], [-117.81667, 11.08333], [-116.06667, 11.083333]]]}}, {"type": "Feature", "properties": {"company": "The Metals Company", "company_full": "The Metals Company USA, LLC", "area_name": "The Metals Company USA, LLC \u2014 application area", "subarea": "Application B \u2014 B-A", "docket": "NOAA-NOS-2025-0702", "area_size": "10,286 km\u00b2", "overlaps_with_named": "Tonga Offshore Mining Ltd. (TOML)", "reserved_overlap": "None", "us_overlaps_with": "None"}, "geometry": {"type": "Polygon", "coordinates": [[[-152.51, 8.1667], [-151.667, 8.1667], [-151.667, 7.1667], [-152.51, 7.1667], [-152.51, 8.1667]]]}}, {"type": "Feature", "properties": {"company": "The Metals Company", "company_full": "The Metals Company USA, LLC", "area_name": "The Metals Company USA, LLC \u2014 application area", "subarea": "Application B \u2014 B-B", "docket": "NOAA-NOS-2025-0702", "area_size": "8,930 km\u00b2", "overlaps_with_named": "Nauru Ocean Resources Inc. (NORI)", "reserved_overlap": "None", "us_overlaps_with": "None"}, "geometry": {"type": "Polygon", "coordinates": [[[-134.583, 13.0], [-134.25, 13.0], [-134.25, 12.5], [-134.067, 12.5], [-134.067, 12.1933], [-133.833, 12.1933], [-133.833, 11.5], [-134.377, 11.5], [-134.377, 12.0], [-134.583, 12.0], [-134.583, 13.0]]]}}, {"type": "Feature", "properties": {"company": "The Metals Company", "company_full": "The Metals Company USA, LLC", "area_name": "The Metals Company USA, LLC \u2014 application area", "subarea": "Application B \u2014 B-C", "docket": "NOAA-NOS-2025-0702", "area_size": "13,479 km\u00b2", "overlaps_with_named": "Tonga Offshore Mining Ltd. (TOML), Nauru Ocean Resources Inc. (NORI)", "reserved_overlap": "None", "us_overlaps_with": "None"}, "geometry": {"type": "Polygon", "coordinates": [[[-134.0, 14.0], [-133.25, 14.0], [-133.25, 13.8667], [-132.8, 13.8667], [-132.8, 14.29], [-132.0, 14.6667], [-132.0, 13.5801], [-133.833, 13.5801], [-134.0, 14.0]]]}}, {"type": "Feature", "properties": {"company": "The Metals Company", "company_full": "The Metals Company USA, LLC", "area_name": "The Metals Company USA, LLC \u2014 application area", "subarea": "Application B \u2014 B-D", "docket": "NOAA-NOS-2025-0702", "area_size": "15,823 km\u00b2", "overlaps_with_named": "Tonga Offshore Mining Ltd. (TOML)", "reserved_overlap": "None", "us_overlaps_with": "None"}, "geometry": {"type": "Polygon", "coordinates": [[[-131.0, 15.8], [-130.0, 15.8], [-130.0, 15.333], [-129.3, 15.333], [-128.58333, 15.5], [-128.58333, 15.0], [-131.0, 15.0], [-131.0, 15.8]]]}}, {"type": "Feature", "properties": {"company": "The Metals Company", "company_full": "The Metals Company USA, LLC", "area_name": "The Metals Company USA, LLC \u2014 application area", "subarea": "Application B \u2014 B-E", "docket": "NOAA-NOS-2025-0702", "area_size": "26,628 km\u00b2", "overlaps_with_named": "Tonga Offshore Mining Ltd. (TOML)", "reserved_overlap": "None", "us_overlaps_with": "SeaX Coulter"}, "geometry": {"type": "Polygon", "coordinates": [[[-125.3333, 13.75], [-125.0, 13.75], [-125.0, 14.083333], [-123.58333, 14.083333], [-123.58333, 13.125], [-123.58333, 13.0833], [-123.583, 13.0833], [-123.583, 12.75], [-125.333, 12.75], [-125.3333, 13.75]]]}}, {"type": "Feature", "properties": {"company": "The Metals Company", "company_full": "The Metals Company USA, LLC", "area_name": "The Metals Company USA, LLC \u2014 application area", "subarea": "Application B \u2014 B-F", "docket": "NOAA-NOS-2025-0702", "area_size": "46,676 km\u00b2", "overlaps_with_named": "Nauru Ocean Resources Inc. (NORI)", "reserved_overlap": "None", "us_overlaps_with": "None"}, "geometry": {"type": "Polygon", "coordinates": [[[-122.1667, 14.935], [-121.0976, 14.935], [-121.0976, 14.9286], [-120.7148, 14.9286], [-120.7148, 14.935], [-120.5, 14.935], [-120.5, 14.5], [-120.75, 14.5], [-120.75, 14.3333], [-120.98963, 14.3333], [-120.99292, 13.669028], [-121.167, 13.6667], [-121.167, 12.0], [-121.6, 12.0], [-121.6, 12.6], [-122.167, 12.6], [-122.167, 12.89], [-123.0, 12.89], [-123.0, 13.35], [-122.75, 13.35], [-122.75, 14.16667], [-122.33333, 14.16667], [-122.333, 14.0], [-122.1667, 14.0], [-122.1667, 14.935]]]}}, {"type": "Feature", "properties": {"company": "American Metal Resources", "company_full": "American Metal Resources", "area_name": "American Metal Resources \u2014 application area", "subarea": "Washington", "docket": "NOAA-NOS-2026-0034", "area_size": "57,609 km\u00b2", "overlaps_with_named": "None", "reserved_overlap": "None", "us_overlaps_with": "None"}, "geometry": {"type": "Polygon", "coordinates": [[[-115.0, 14.0], [-116.0, 14.0], [-116.0, 14.9667], [-117.25, 14.9667], [-117.25, 14.75], [-118.25, 14.75], [-118.25, 14.5], [-118.833333, 14.5], [-118.8333, 15.0], [-119.3333, 15.0], [-119.3333, 14.6667], [-120.5, 14.6667], [-120.5, 15.3333], [-120.333, 15.3333], [-120.333, 15.8333], [-119.465, 15.8333], [-117.25, 15.833], [-117.25, 15.3333], [-116.3, 15.3333], [-115.000000002, 14.559736919], [-115.0, 14.0]]]}}, {"type": "Feature", "properties": {"company": "American Metal Resources", "company_full": "American Metal Resources", "area_name": "American Metal Resources \u2014 application area", "subarea": "Jefferson", "docket": "NOAA-NOS-2026-0034", "area_size": "4,161 km\u00b2", "overlaps_with_named": "None", "reserved_overlap": "UKSRL-ll", "us_overlaps_with": "None"}, "geometry": {"type": "Polygon", "coordinates": [[[-136.58, 11.65], [-136.58, 11.2], [-137.346, 11.2], [-137.346, 11.65], [-136.58, 11.65]]]}}, {"type": "Feature", "properties": {"company": "American Metal Resources", "company_full": "American Metal Resources", "area_name": "American Metal Resources \u2014 application area", "subarea": "Lincoln", "docket": "NOAA-NOS-2026-0034", "area_size": "29,142 km\u00b2", "overlaps_with_named": "None", "reserved_overlap": "BGR", "us_overlaps_with": "The Metals Company Application A \u2014 A-1"}, "geometry": {"type": "Polygon", "coordinates": [[[-119.4166667, 9.75], [-119.4166667, 11.08333333], [-118.91667, 11.083333], [-118.91667, 9.895], [-117.81667, 9.895], [-116.06667, 9.895], [-116.06667, 11.0], [-115.333, 11.0], [-115.333, 11.667], [-115.0, 11.667], [-115.000000002, 10.853211136], [-115.002, 10.305], [-115.821738864, 9.75], [-116.067, 9.75], [-119.4166667, 9.75]]]}}, {"type": "Feature", "properties": {"company": "American Metal Resources", "company_full": "American Metal Resources", "area_name": "American Metal Resources \u2014 application area", "subarea": "Monroe", "docket": "NOAA-NOS-2026-0034", "area_size": "4,450 km\u00b2", "overlaps_with_named": "None", "reserved_overlap": "None", "us_overlaps_with": "None"}, "geometry": {"type": "Polygon", "coordinates": [[[-140.1, 12.375], [-140.1, 12.35], [-139.875, 12.35], [-139.875, 11.625], [-140.375, 11.625], [-140.375, 12.375], [-140.1, 12.375]]]}}, {"type": "Feature", "properties": {"company": "American Metal Resources", "company_full": "American Metal Resources", "area_name": "American Metal Resources \u2014 application area", "subarea": "Tyler", "docket": "NOAA-NOS-2026-0034", "area_size": "6,358 km\u00b2", "overlaps_with_named": "None", "reserved_overlap": "None", "us_overlaps_with": "None"}, "geometry": {"type": "Polygon", "coordinates": [[[-142.125, 9.875], [-141.375, 9.875], [-141.375, 9.625], [-141.625, 9.625], [-141.625, 8.625], [-141.875, 8.625], [-141.875, 9.2813], [-142.125, 9.2813], [-142.125, 9.875]]]}}, {"type": "Feature", "properties": {"company": "American Metal Resources", "company_full": "American Metal Resources", "area_name": "American Metal Resources \u2014 application area", "subarea": "Harding", "docket": "NOAA-NOS-2026-0034", "area_size": "17,511 km\u00b2", "overlaps_with_named": "None", "reserved_overlap": "None", "us_overlaps_with": "None"}, "geometry": {"type": "Polygon", "coordinates": [[[-134.75, 10.98], [-134.1293, 10.98], [-134.1293, 9.79749], [-133.166667, 9.79749], [-133.166667, 9.583333], [-132.833333, 9.583333], [-132.833333, 9.5], [-134.673, 9.5], [-134.673, 9.61], [-135.25, 9.60999], [-135.25, 10.0997], [-134.568, 10.0997], [-134.568, 10.6667], [-135.0, 10.6667], [-135.0, 10.98], [-134.75, 10.98]]]}}, {"type": "Feature", "properties": {"company": "American Metal Resources", "company_full": "American Metal Resources", "area_name": "American Metal Resources \u2014 application area", "subarea": "Adams", "docket": "NOAA-NOS-2026-0034", "area_size": "10,486 km\u00b2", "overlaps_with_named": "None", "reserved_overlap": "None", "us_overlaps_with": "None"}, "geometry": {"type": "Polygon", "coordinates": [[[-142.125, 8.8125], [-142.125, 8.4063], [-142.4375, 8.4063], [-142.4375, 8.3125], [-142.6875, 8.3125], [-142.6875, 8.5625], [-142.5625, 8.5625], [-142.5625, 8.6875], [-142.9375, 8.6875], [-142.9375, 8.3125], [-143.5625, 8.3125], [-144.125, 8.3125], [-144.125, 8.7333], [-144.124989588, 8.8125], [-142.125, 8.8125]]]}}, {"type": "Feature", "properties": {"company": "American Metal Resources", "company_full": "American Metal Resources", "area_name": "American Metal Resources \u2014 application area", "subarea": "McKinlay", "docket": "NOAA-NOS-2026-0034", "area_size": "6,077 km\u00b2", "overlaps_with_named": "None", "reserved_overlap": "None", "us_overlaps_with": "None"}, "geometry": {"type": "Polygon", "coordinates": [[[-140.125, 9.625], [-140.125, 9.125], [-139.625, 9.125], [-139.625, 8.875], [-139.875, 8.875], [-140.375, 8.875], [-140.375, 9.125], [-140.625, 9.125], [-140.625, 9.375], [-140.875, 9.375], [-140.875, 9.625], [-140.125, 9.625]]]}}, {"type": "Feature", "properties": {"company": "American Metal Resources", "company_full": "American Metal Resources", "area_name": "American Metal Resources \u2014 application area", "subarea": "Roosevelt", "docket": "NOAA-NOS-2026-0034", "area_size": "8,248 km\u00b2", "overlaps_with_named": "None", "reserved_overlap": "None", "us_overlaps_with": "None"}, "geometry": {"type": "Polygon", "coordinates": [[[-123.332450675, 16.230954766], [-123.336225232, 16.050606351], [-122.333, 16.041556656], [-122.33333, 15.726], [-123.952, 15.726], [-123.952, 16.06667], [-124.33333, 16.06667], [-124.33333, 16.23333], [-123.332450675, 16.230954766]]]}}, {"type": "Feature", "properties": {"company": "American Metal Resources", "company_full": "American Metal Resources", "area_name": "American Metal Resources \u2014 application area", "subarea": "Wilson", "docket": "NOAA-NOS-2026-0034", "area_size": "3,764 km\u00b2", "overlaps_with_named": "None", "reserved_overlap": "None", "us_overlaps_with": "The Metals Company Application A \u2014 A-1"}, "geometry": {"type": "Polygon", "coordinates": [[[-115.333, 13.0], [-115.0, 13.0], [-115.0, 12.06], [-115.333, 12.06], [-115.333, 13.0]]]}}, {"type": "Feature", "properties": {"company": "SeaX", "company_full": "SeaX, Inc.", "area_name": "SeaX, Inc. \u2014 application area", "subarea": "Clark", "docket": "NOAA-NOS-2026-0035", "area_size": "25,409 km\u00b2", "overlaps_with_named": "None", "reserved_overlap": "IOM", "us_overlaps_with": "None"}, "geometry": {"type": "Polygon", "coordinates": [[[-121.166667, 11.3308713], [-121.166667, 11.0], [-121.0, 11.0], [-121.0, 10.75], [-120.5, 10.75], [-120.5, 10.5], [-121.5, 10.5], [-121.5, 11.0], [-122.167, 11.0], [-122.167, 11.3333], [-123.333, 11.3333], [-123.333, 12.9333], [-123.0, 12.93333], [-123.0, 12.89], [-122.2419788, 12.89], [-122.2341033, 12.4728], [-122.7389, 12.4728], [-122.7389, 12.7825], [-122.9031, 12.7825], [-122.9031, 12.4705], [-123.0, 12.4705], [-123.0, 12.0], [-122.096, 12.0], [-122.1066982, 11.3340107], [-121.166667, 11.3308713]]]}}, {"type": "Feature", "properties": {"company": "SeaX", "company_full": "SeaX, Inc.", "area_name": "SeaX, Inc. \u2014 application area", "subarea": "Coulter", "docket": "NOAA-NOS-2026-0035", "area_size": "3,748 km\u00b2", "overlaps_with_named": "None", "reserved_overlap": "None", "us_overlaps_with": "The Metals Company Application B \u2014 B-E"}, "geometry": {"type": "Polygon", "coordinates": [[[-125.3333, 13.375], [-124.375, 13.375], [-124.375, 13.125], [-123.583333, 13.125], [-123.583, 13.0833], [-125.333, 13.0833], [-125.3333, 13.375]]]}}, {"type": "Feature", "properties": {"company": "SeaX", "company_full": "SeaX, Inc.", "area_name": "SeaX, Inc. \u2014 application area", "subarea": "Pike", "docket": "NOAA-NOS-2026-0035", "area_size": "19,192 km\u00b2", "overlaps_with_named": "None", "reserved_overlap": "DORD, Yuzhmorgeologia", "us_overlaps_with": "Impossible Metals Area C"}, "geometry": {"type": "Polygon", "coordinates": [[[-134.0000425, 15.4006918], [-132.9166667, 15.399], [-132.9166667, 14.29], [-132.8, 14.29], [-132.8, 13.8666667], [-133.2, 13.8667], [-133.25, 13.8667], [-133.25, 14.0], [-133.5333333, 14.0], [-134.0, 14.0], [-134.0, 14.35], [-134.0000425, 15.4006918]]]}}, {"type": "Feature", "properties": {"company": "SeaX", "company_full": "SeaX, Inc.", "area_name": "SeaX, Inc. \u2014 application area", "subarea": "Fremont", "docket": "NOAA-NOS-2026-0035", "area_size": "7,139 km\u00b2", "overlaps_with_named": "None", "reserved_overlap": "UKSRL-ll", "us_overlaps_with": "Impossible Metals Area B"}, "geometry": {"type": "Polygon", "coordinates": [[[-134.75, 11.5], [-134.377467, 11.5], [-133.833, 11.5], [-133.833, 11.666667], [-133.6666718, 11.666667], [-133.666672, 10.98], [-134.1293, 10.98], [-134.75, 10.98], [-134.75, 11.5]]]}}, {"type": "Feature", "properties": {"company": "SeaX", "company_full": "SeaX, Inc.", "area_name": "SeaX, Inc. \u2014 application area", "subarea": "Carson", "docket": "NOAA-NOS-2026-0035", "area_size": "14,730 km\u00b2", "overlaps_with_named": "None", "reserved_overlap": "BGR", "us_overlaps_with": "Impossible Metals Area A"}, "geometry": {"type": "Polygon", "coordinates": [[[-137.5333333, 13.5], [-136.609698, 13.5], [-136.6098528, 12.9980323], [-136.0, 12.9973399], [-136.0, 12.5], [-137.5333, 12.5], [-137.5333333, 13.5]]]}}, {"type": "Feature", "properties": {"company": "SeaX", "company_full": "SeaX, Inc.", "area_name": "SeaX, Inc. \u2014 application area", "subarea": "Smith", "docket": "NOAA-NOS-2026-0035", "area_size": "18,995 km\u00b2", "overlaps_with_named": "None", "reserved_overlap": "Yuzhmorgeologia", "us_overlaps_with": "None"}, "geometry": {"type": "Polygon", "coordinates": [[[-139.767, 12.6645], [-139.767, 13.05], [-139.7668696, 13.058], [-139.5, 13.058], [-139.14, 13.058], [-138.3852924, 13.0564953], [-138.374, 12.4396], [-138.4644, 12.4396], [-138.4644, 12.7355], [-138.6453, 12.7359], [-138.6453, 12.936], [-139.0845, 12.936], [-139.0845, 12.331], [-138.8451, 12.331], [-138.8451, 12.2283], [-138.9414, 12.2283], [-138.9414, 11.8659], [-138.374, 11.8659], [-138.374, 11.6333], [-138.374, 10.8333], [-138.625, 10.8333], [-139.026, 10.8333], [-139.0258, 10.9738], [-138.6339, 10.9738], [-138.6339, 11.3434], [-139.089, 11.3434], [-139.089, 11.4394], [-139.5, 11.439], [-139.5, 12.6645], [-139.767, 12.6645]]]}}, {"type": "Feature", "properties": {"company": "SeaX", "company_full": "SeaX, Inc.", "area_name": "SeaX, Inc. \u2014 application area", "subarea": "Powell", "docket": "NOAA-NOS-2026-0035", "area_size": "13,553 km\u00b2", "overlaps_with_named": "None", "reserved_overlap": "None", "us_overlaps_with": "None"}, "geometry": {"type": "Polygon", "coordinates": [[[-140.875, 11.125], [-140.375, 11.125], [-140.375, 11.375], [-140.125, 11.375], [-140.125, 11.125], [-139.6, 11.125], [-139.5, 11.125], [-139.5, 10.8332], [-140.125, 10.8333], [-140.125, 10.375], [-139.625, 10.375], [-139.625, 10.125], [-140.625, 10.125], [-140.625, 9.875], [-140.875, 9.875], [-140.875, 10.125], [-141.125, 10.125], [-141.125, 10.375], [-140.375, 10.375], [-140.375, 10.625], [-140.875, 10.625], [-140.875, 11.125]]]}}, {"type": "Feature", "properties": {"company": "SeaX", "company_full": "SeaX, Inc.", "area_name": "SeaX, Inc. \u2014 application area", "subarea": "Pryor", "docket": "NOAA-NOS-2026-0035", "area_size": "20,501 km\u00b2", "overlaps_with_named": "None", "reserved_overlap": "None", "us_overlaps_with": "None"}, "geometry": {"type": "Polygon", "coordinates": [[[-128.583333, 11.0833], [-128.583, 11.6667], [-127.7166672, 11.666667], [-127.0, 11.666667], [-127.0, 12.25], [-126.0, 12.25], [-126.0, 11.6667], [-126.25, 11.6667], [-126.25, 11.5], [-126.833, 11.5], [-126.833, 11.0867966], [-128.117, 11.0833], [-128.583333, 11.0833]]]}}, {"type": "Feature", "properties": {"company": "SeaX", "company_full": "SeaX, Inc.", "area_name": "SeaX, Inc. \u2014 application area", "subarea": "Lewis", "docket": "NOAA-NOS-2026-0035", "area_size": "26,439 km\u00b2", "overlaps_with_named": "None", "reserved_overlap": "None", "us_overlaps_with": "None"}, "geometry": {"type": "Polygon", "coordinates": [[[-144.9375, 9.125], [-145.3658, 9.125], [-145.5, 9.1269605], [-145.5, 9.5], [-145.0, 9.5], [-144.75, 9.5], [-144.75, 9.75], [-144.0, 9.75], [-144.0, 10.0], [-143.75, 10.0], [-143.75, 9.25], [-142.75, 9.25], [-142.75, 9.75], [-142.25, 9.75], [-142.25, 9.875], [-142.125, 9.875], [-142.125, 9.2813], [-142.125, 8.8125], [-144.1249896, 8.8125], [-144.125, 9.0625], [-144.9375, 9.0625], [-144.9375, 9.125]]]}}, {"type": "Feature", "properties": {"company": "Impossible Metals", "company_full": "Impossible Metals Inc. (sponsored by Bahrain)", "area_name": "Impossible Metals Inc. (sponsored by Bahrain) \u2014 application area", "subarea": "Area A", "docket": "ISA application (via Bahrain)", "area_size": "11,510 km\u00b2", "overlaps_with_named": "None", "reserved_overlap": "BGR", "us_overlaps_with": "SeaX Carson"}, "geometry": {"type": "Polygon", "coordinates": [[[-136.0, 13.125], [-136.0, 12.5], [-137.5333, 12.5], [-137.5333, 13.125], [-136.0, 13.125]]]}}, {"type": "Feature", "properties": {"company": "Impossible Metals", "company_full": "Impossible Metals Inc. (sponsored by Bahrain)", "area_name": "Impossible Metals Inc. (sponsored by Bahrain) \u2014 application area", "subarea": "Area B", "docket": "ISA application (via Bahrain)", "area_size": "6,625 km\u00b2", "overlaps_with_named": "None", "reserved_overlap": "UKSRL-ll", "us_overlaps_with": "SeaX Fremont"}, "geometry": {"type": "Polygon", "coordinates": [[[-133.833, 11.6667], [-133.6667, 11.6667], [-133.6667, 10.776861327858201], [-134.1293, 10.776861327858201], [-134.1293, 11.2], [-134.75, 11.2], [-134.75, 11.5], [-133.833, 11.5], [-133.833, 11.6667]]]}}, {"type": "Feature", "properties": {"company": "Impossible Metals", "company_full": "Impossible Metals Inc. (sponsored by Bahrain)", "area_name": "Impossible Metals Inc. (sponsored by Bahrain) \u2014 application area", "subarea": "Area C", "docket": "ISA application (via Bahrain)", "area_size": "25,958 km\u00b2", "overlaps_with_named": "Deep Ocean Resources Development Co. Ltd. (Japan)", "reserved_overlap": "DORD, Yuzhmorgeologia", "us_overlaps_with": "SeaX Pike"}, "geometry": {"type": "Polygon", "coordinates": [[[-132.9103, 15.9167], [-132.9103, 14.29], [-132.8, 14.29], [-132.8, 13.8667], [-133.25, 13.8667], [-133.25, 14.0], [-134.0, 14.0], [-134.0, 15.9167], [-132.9103, 15.9167]]]}}, {"type": "Feature", "properties": {"company": "Impossible Metals", "company_full": "Impossible Metals Inc. (sponsored by Bahrain)", "area_name": "Impossible Metals Inc. (sponsored by Bahrain) \u2014 application area", "subarea": "Area D", "docket": "ISA application (via Bahrain)", "area_size": "7,987 km\u00b2", "overlaps_with_named": "None", "reserved_overlap": "IFREMER", "us_overlaps_with": "None"}, "geometry": {"type": "Polygon", "coordinates": [[[-131.0, 16.004], [-129.3, 16.004], [-129.3, 15.3333], [-130.0, 15.3333], [-130.0, 15.8], [-131.0, 15.8], [-131.0, 16.004]]]}}, {"type": "Feature", "properties": {"company": "Impossible Metals", "company_full": "Impossible Metals Inc. (sponsored by Bahrain)", "area_name": "Impossible Metals Inc. (sponsored by Bahrain) \u2014 application area", "subarea": "Area E", "docket": "ISA application (via Bahrain)", "area_size": "9,557 km\u00b2", "overlaps_with_named": "None", "reserved_overlap": "Government of the Republic of Korea", "us_overlaps_with": "None"}, "geometry": {"type": "Polygon", "coordinates": [[[-130.083, 16.8333], [-129.5, 16.8333], [-129.5, 16.6667], [-128.8376, 16.6667], [-128.8376, 16.004], [-129.1667, 16.004], [-129.1667, 16.1667], [-130.0, 16.1667], [-130.0, 16.3299], [-130.1667, 16.3299], [-130.1667, 16.4191], [-130.25, 16.4191], [-130.25, 16.6667], [-130.083, 16.6667], [-130.083, 16.8333]]]}}, {"type": "Feature", "properties": {"company": "Impossible Metals", "company_full": "Impossible Metals Inc. (sponsored by Bahrain)", "area_name": "Impossible Metals Inc. (sponsored by Bahrain) \u2014 application area", "subarea": "Area F", "docket": "ISA application (via Bahrain)", "area_size": "13,351 km\u00b2", "overlaps_with_named": "None", "reserved_overlap": "Government of the Republic of Korea", "us_overlaps_with": "None"}, "geometry": {"type": "Polygon", "coordinates": [[[-125.9972, 17.1613], [-125.9972, 16.7525], [-126.167, 16.7525], [-126.167, 16.25], [-126.75, 16.25], [-126.75, 16.0], [-127.0, 16.0], [-127.0, 15.7333], [-127.54930026571286, 15.7333], [-127.54930026571286, 16.1667], [-127.167, 16.1667], [-127.167, 16.6667], [-126.833, 16.6667], [-126.833, 17.1613], [-125.9972, 17.1613]]]}}, {"type": "Feature", "properties": {"company": "American Deep Sea Minerals", "company_full": "American Deep Sea Minerals Inc.", "area_name": "American Deep Sea Minerals Inc. \u2014 application area", "subarea": "Target Exploration Area", "docket": "NOAA-NOS-2026-0892", "area_size": "101,060 km\u00b2", "overlaps_with_named": "None", "reserved_overlap": "None", "us_overlaps_with": "None"}, "geometry": {"type": "Polygon", "coordinates": [[[-155.43971, -11.359732], [-155.437718, -11.364381], [-155.434156, -11.372696], [-155.430593, -11.38101], [-155.42703, -11.389324], [-155.423467, -11.397638], [-155.419904, -11.405952], [-155.416279, -11.41424], [-155.412627, -11.422517], [-155.408939, -11.430778], [-155.40524, -11.439034], [-155.401511, -11.447277], [-155.397761, -11.45551], [-155.393991, -11.463736], [-155.390191, -11.471947], [-155.38638, -11.480153], [-155.382534, -11.488344], [-155.378674, -11.496528], [-155.37479, -11.504701], [-155.37088, -11.512863], [-155.366956, -11.521017], [-155.362996, -11.529155], [-155.359025, -11.537287], [-155.355024, -11.545405], [-155.351004, -11.553514], [-155.346964, -11.561614], [-155.342897, -11.5697], [-155.33882, -11.577781], [-155.334702, -11.585842], [-155.330574, -11.593898], [-155.32642, -11.601941], [-155.322243, -11.609973], [-155.318049, -11.617995], [-155.313823, -11.626002], [-155.309587, -11.634004], [-155.305319, -11.641988], [-155.301035, -11.649965], [-155.296727, -11.657929], [-155.292395, -11.665881], [-155.28805, -11.673825], [-155.28367, -11.681751], [-155.279278, -11.689671], [-155.274857, -11.697574], [-155.270417, -11.705468], [-155.265958, -11.713351], [-155.261471, -11.721218], [-155.256974, -11.72908], [-155.252441, -11.736922], [-155.247896, -11.744758], [-155.243326, -11.752579], [-155.238734, -11.760387], [-155.234127, -11.768187], [-155.229487, -11.775969], [-155.224837, -11.783744], [-155.220154, -11.7915], [-155.215457, -11.799248], [-155.210739, -11.806983], [-155.205995, -11.814703], [-155.201149, -11.822562], [-155.20114, -11.822559], [-155.200107, -11.831344], [-155.19904, -11.840307], [-155.197943, -11.849266], [-155.196823, -11.858223], [-155.195686, -11.867177], [-155.19451, -11.876127], [-155.193323, -11.885075], [-155.192102, -11.894019], [-155.190861, -11.90296], [-155.189597, -11.911898], [-155.188302, -11.920832], [-155.186995, -11.929764], [-155.185648, -11.93869], [-155.184286, -11.947614], [-155.182896, -11.956534], [-155.181481, -11.96545], [-155.180051, -11.974363], [-155.17858, -11.98327], [-155.177097, -11.992175], [-155.175583, -12.001076], [-155.174048, -12.009972], [-155.17249, -12.018865], [-155.170902, -12.027752], [-155.169301, -12.036638], [-155.167661, -12.045516], [-155.166005, -12.054391], [-155.164324, -12.063262], [-155.162614, -12.072128], [-155.16089, -12.080991], [-155.159127, -12.089846], [-155.157352, -12.0987], [-155.155548, -12.107547], [-155.153719, -12.116389], [-155.151872, -12.125228], [-155.149989, -12.13406], [-155.148093, -12.142889], [-155.146164, -12.15171], [-155.144216, -12.160528], [-155.142245, -12.169341], [-155.140243, -12.178147], [-155.138229, -12.18695], [-155.136174, -12.195744], [-155.134106, -12.204536], [-155.132011, -12.213321], [-155.129891, -12.2221], [-155.127754, -12.230875], [-155.125581, -12.239642], [-155.123395, -12.248405], [-155.121175, -12.25716], [-155.118935, -12.265911], [-155.116675, -12.274656], [-155.114383, -12.283393], [-155.112078, -12.292127], [-155.109735, -12.300851], [-155.107377, -12.309572], [-155.104995, -12.318285], [-155.102584, -12.326992], [-155.100159, -12.335694], [-155.097696, -12.344386], [-155.09522, -12.353075], [-155.092714, -12.361755], [-155.090186, -12.370429], [-155.087639, -12.379097], [-155.085059, -12.387756], [-155.082466, -12.396412], [-155.079838, -12.405057], [-155.077193, -12.413697], [-155.074524, -12.42233], [-155.071826, -12.430954], [-155.069116, -12.439575], [-155.066366, -12.448184], [-155.063604, -12.456788], [-155.060813, -12.465384], [-155.057998, -12.473972], [-155.055166, -12.482555], [-155.05347, -12.487628], [-155.052647, -12.488122], [-155.055275, -12.488599], [-155.064305, -12.490241], [-155.073324, -12.491935], [-155.082335, -12.49367], [-155.091378, -12.495227], [-155.100436, -12.496711], [-155.109488, -12.498232], [-155.118539, -12.499759], [-155.127582, -12.50133], [-155.136624, -12.502907], [-155.145659, -12.504523], [-155.154692, -12.50615], [-155.16372, -12.507809], [-155.172744, -12.509487], [-155.181763, -12.51119], [-155.190778, -12.512917], [-155.199789, -12.514664], [-155.208793, -12.516441], [-155.217796, -12.51823], [-155.226791, -12.520056], [-155.235785, -12.52189], [-155.24477, -12.523761], [-155.253755, -12.525639], [-155.26273, -12.52756], [-155.271704, -12.529488], [-155.28067, -12.531452], [-155.289632, -12.53343], [-155.298589, -12.535438], [-155.30754, -12.537465], [-155.316486, -12.539516], [-155.325427, -12.541593], [-155.334363, -12.543688], [-155.343291, -12.545815], [-155.352217, -12.547952], [-155.361133, -12.550129], [-155.370049, -12.552311], [-155.378953, -12.554535], [-155.387856, -12.556767], [-155.396749, -12.559035], [-155.405639, -12.561316], [-155.414521, -12.563627], [-155.423398, -12.565957], [-155.432269, -12.568311], [-155.441133, -12.570691], [-155.449992, -12.573088], [-155.458843, -12.575517], [-155.46769, -12.577956], [-155.476527, -12.580435], [-155.485362, -12.582919], [-155.494185, -12.585444], [-155.503005, -12.587978], [-155.511816, -12.590546], [-155.520622, -12.593128], [-155.52942, -12.595739], [-155.538212, -12.59837], [-155.546997, -12.601023], [-155.555774, -12.603704], [-155.564546, -12.606399], [-155.573308, -12.609128], [-155.582066, -12.611867], [-155.590812, -12.614644], [-155.599557, -12.617426], [-155.608291, -12.620242], [-155.617022, -12.623065], [-155.625741, -12.625925], [-155.634459, -12.62879], [-155.643162, -12.631698], [-155.651863, -12.634612], [-155.660552, -12.637562], [-155.669237, -12.640524], [-155.677911, -12.643516], [-155.686579, -12.646527], [-155.695238, -12.649561], [-155.703889, -12.652619], [-155.712533, -12.655695], [-155.721167, -12.658802], [-155.729796, -12.66192], [-155.738411, -12.665074], [-155.747025, -12.668235], [-155.755623, -12.671436], [-155.764218, -12.674645], [-155.772801, -12.677888], [-155.781378, -12.681144], [-155.789944, -12.684429], [-155.798503, -12.687732], [-155.807053, -12.691058], [-155.815593, -12.69441], [-155.824126, -12.697777], [-155.832647, -12.701176], [-155.841164, -12.704585], [-155.849665, -12.708031], [-155.858164, -12.711483], [-155.866647, -12.714974], [-155.875126, -12.718473], [-155.883592, -12.722006], [-155.892051, -12.725552], [-155.900499, -12.729126], [-155.908938, -12.732719], [-155.917369, -12.736333], [-155.925787, -12.739973], [-155.9342, -12.743628], [-155.942598, -12.747315], [-155.950992, -12.751011], [-155.959369, -12.754745], [-155.967744, -12.758484], [-155.976101, -12.762261], [-155.984454, -12.766047], [-155.992793, -12.769865], [-156.001124, -12.773697], [-156.009444, -12.777555], [-156.017754, -12.781434], [-156.026054, -12.785332], [-156.034342, -12.789257], [-156.042623, -12.793195], [-156.050888, -12.797166], [-156.05915, -12.801145], [-156.067392, -12.805161], [-156.075632, -12.809184], [-156.083854, -12.813242], [-156.092071, -12.81731], [-156.100273, -12.821409], [-156.108466, -12.825523], [-156.116647, -12.829661], [-156.124818, -12.83382], [-156.132978, -12.837998], [-156.141125, -12.842203], [-156.149265, -12.84642], [-156.157387, -12.85067], [-156.165507, -12.854926], [-156.173605, -12.859221], [-156.1817, -12.863522], [-156.189777, -12.867857], [-156.197847, -12.872203], [-156.205902, -12.876577], [-156.213948, -12.880968], [-156.221981, -12.885381], [-156.230002, -12.889816], [-156.238013, -12.894269], [-156.24601, -12.898746], [-156.254, -12.903236], [-156.261979, -12.907745], [-156.269945, -12.912275], [-156.277903, -12.916821], [-156.285847, -12.92139], [-156.293778, -12.92598], [-156.3017, -12.930587], [-156.309605, -12.935221], [-156.317504, -12.939866], [-156.325382, -12.944544], [-156.333258, -12.949228], [-156.34111, -12.95395], [-156.348959, -12.958677], [-156.356787, -12.963437], [-156.364609, -12.968208], [-156.372414, -12.973005], [-156.380208, -12.97782], [-156.387989, -12.982655], [-156.395756, -12.987513], [-156.403513, -12.992386], [-156.411252, -12.997287], [-156.418985, -13.002197], [-156.426696, -13.007141], [-156.434403, -13.01209], [-156.442087, -13.017075], [-156.449766, -13.022068], [-156.457425, -13.02709], [-156.465075, -13.032125], [-156.472709, -13.037184], [-156.480331, -13.042262], [-156.48794, -13.047358], [-156.495532, -13.052478], [-156.503116, -13.057611], [-156.510679, -13.062772], [-156.518237, -13.067942], [-156.52577, -13.073146], [-156.533301, -13.078355], [-156.540807, -13.083598], [-156.548307, -13.088849], [-156.555787, -13.094128], [-156.563257, -13.099421], [-156.57071, -13.104736], [-156.57815, -13.11007], [-156.585577, -13.115422], [-156.592987, -13.120797], [-156.600387, -13.126185], [-156.607765, -13.131601], [-156.615139, -13.137024], [-156.622486, -13.142482], [-156.62983, -13.147944], [-156.637149, -13.153439], [-156.644462, -13.158942], [-156.651753, -13.164472], [-156.659034, -13.170016], [-156.666298, -13.175581], [-156.673547, -13.181166], [-156.680783, -13.186766], [-156.688001, -13.192391], [-156.695209, -13.198026], [-156.702394, -13.203691], [-156.709574, -13.209361], [-156.716726, -13.215066], [-156.723875, -13.220775], [-156.730998, -13.226515], [-156.738113, -13.232264], [-156.745208, -13.238038], [-156.75229, -13.243827], [-156.759356, -13.249635], [-156.766406, -13.255463], [-156.773442, -13.261306], [-156.780458, -13.267173], [-156.787466, -13.27305], [-156.794448, -13.278956], [-156.801426, -13.284867], [-156.808375, -13.290811], [-156.815319, -13.296761], [-156.822238, -13.302739], [-156.829148, -13.308727], [-156.836037, -13.314739], [-156.842912, -13.320765], [-156.849771, -13.32681], [-156.856612, -13.332875], [-156.863441, -13.338953], [-156.870247, -13.345056], [-156.877045, -13.351167], [-156.883816, -13.357307], [-156.890583, -13.363452], [-156.89732, -13.369629], [-156.904051, -13.375812], [-156.910757, -13.382021], [-156.917453, -13.388241], [-156.924128, -13.394483], [-156.930788, -13.40074], [-156.937432, -13.407014], [-156.944056, -13.413308], [-156.950669, -13.419614], [-156.957256, -13.425945], [-156.963838, -13.432283], [-156.970389, -13.438651], [-156.976936, -13.445023], [-156.983453, -13.451424], [-156.989963, -13.457833], [-156.996448, -13.464266], [-157.002922, -13.470711], [-157.009375, -13.477175], [-157.015811, -13.483655], [-157.022232, -13.490151], [-157.02863, -13.496667], [-157.035019, -13.503194], [-157.04138, -13.509745], [-157.047736, -13.516303], [-157.054059, -13.52289], [-157.060378, -13.529481], [-157.066668, -13.5361], [-157.072949, -13.542727], [-157.079205, -13.549376], [-157.085448, -13.556037], [-157.091671, -13.562716], [-157.097875, -13.569412], [-157.104065, -13.576122], [-157.110231, -13.582852], [-157.116386, -13.589592], [-157.122513, -13.596356], [-157.128636, -13.603125], [-157.134724, -13.609924], [-157.140807, -13.616727], [-157.146861, -13.623555], [-157.152909, -13.630388], [-157.158931, -13.637243], [-157.164951, -13.644101], [-157.170938, -13.650986], [-157.17692, -13.657875], [-157.182871, -13.66479], [-157.188814, -13.671712], [-157.19473, -13.678657], [-157.200632, -13.685612], [-157.206513, -13.692584], [-157.212376, -13.699572], [-157.218222, -13.706573], [-157.224044, -13.713594], [-157.229855, -13.720623], [-157.235637, -13.727676], [-157.241413, -13.734733], [-157.247154, -13.741818], [-157.252889, -13.748907], [-157.258594, -13.75602], [-157.26429, -13.763139], [-157.269965, -13.770276], [-157.275618, -13.777429], [-157.281251, -13.784597], [-157.28687, -13.791775], [-157.292467, -13.79897], [-157.298045, -13.806179], [-157.303606, -13.813402], [-157.309143, -13.820642], [-157.314667, -13.827891], [-157.320162, -13.835162], [-157.32565, -13.842437], [-157.331102, -13.849739], [-157.33655, -13.857044], [-157.341964, -13.864373], [-157.347369, -13.871708], [-157.352747, -13.879063], [-157.35811, -13.886428], [-157.363451, -13.893809], [-157.368771, -13.901204], [-157.374075, -13.90861], [-157.379352, -13.916035], [-157.384618, -13.923467], [-157.389853, -13.930921], [-157.395082, -13.938378], [-157.400273, -13.945861], [-157.405459, -13.953347], [-157.410613, -13.960855], [-157.415755, -13.96837], [-157.420871, -13.975903], [-157.42597, -13.983446], [-157.431048, -13.991004], [-157.436103, -13.998575], [-157.441143, -14.006157], [-157.446165, -14.01375], [-157.451167, -14.021356], [-157.456157, -14.02897], [-157.46112, -14.0366], [-157.466066, -14.044241], [-157.470991, -14.051895], [-157.475896, -14.059562], [-157.480785, -14.067239], [-157.485657, -14.074925], [-157.490505, -14.082626], [-157.495342, -14.090334], [-157.500157, -14.098056], [-157.504949, -14.10579], [-157.50972, -14.113538], [-157.514476, -14.121294], [-157.519207, -14.129065], [-157.523919, -14.136847], [-157.528611, -14.144641], [-157.533278, -14.152449], [-157.53793, -14.160266], [-157.542552, -14.1681], [-157.547165, -14.175939], [-157.551741, -14.183798], [-157.556311, -14.191661], [-157.560845, -14.199544], [-157.565369, -14.207432], [-157.569863, -14.215337], [-157.574342, -14.223251], [-157.578796, -14.231177], [-157.583229, -14.239115], [-157.587643, -14.247063], [-157.59203, -14.255026], [-157.596404, -14.262995], [-157.600744, -14.270982], [-157.605078, -14.278972], [-157.609372, -14.286983], [-157.61366, -14.294997], [-157.617913, -14.303029], [-157.622155, -14.311066], [-157.626366, -14.319119], [-157.630561, -14.32718], [-157.634733, -14.335253], [-157.638881, -14.343337], [-157.643011, -14.35143], [-157.647112, -14.359537], [-157.651202, -14.36765], [-157.655256, -14.375779], [-157.659304, -14.383912], [-157.663311, -14.392064], [-157.667312, -14.400219], [-157.671278, -14.40839], [-157.675231, -14.416567], [-157.679156, -14.424758], [-157.683062, -14.432957], [-157.686945, -14.441166], [-157.690803, -14.449386], [-157.694644, -14.457614], [-157.698454, -14.465856], [-157.702254, -14.474103], [-157.706016, -14.482365], [-157.709773, -14.490631], [-157.713489, -14.498914], [-157.717197, -14.5072], [-157.720871, -14.515501], [-157.72453, -14.523808], [-157.728163, -14.532126], [-157.731774, -14.540453], [-157.735364, -14.548789], [-157.738927, -14.557136], [-157.742474, -14.565489], [-157.745988, -14.573856], [-157.749494, -14.582226], [-157.752959, -14.590612], [-157.756418, -14.599], [-157.759838, -14.607404], [-157.763248, -14.615811], [-157.766626, -14.624232], [-157.769987, -14.632658], [-157.773322, -14.641094], [-157.776634, -14.649539], [-157.779926, -14.657992], [-157.783189, -14.666455], [-157.786438, -14.674923], [-157.789651, -14.683404], [-157.792857, -14.691888], [-157.796021, -14.700387], [-157.799179, -14.708888], [-157.802298, -14.717402], [-157.805406, -14.725921], [-157.808483, -14.73445], [-157.811541, -14.742986], [-157.814574, -14.75153], [-157.817582, -14.760083], [-157.820572, -14.768642], [-157.82353, -14.777211], [-157.826477, -14.785784], [-157.829385, -14.794369], [-157.832287, -14.802957], [-157.835145, -14.811558], [-157.837997, -14.820161], [-157.840812, -14.828776], [-157.843613, -14.837395], [-157.846384, -14.846024], [-157.849136, -14.854658], [-157.851863, -14.8633], [-157.854563, -14.87195], [-157.857246, -14.880605], [-157.859896, -14.889269], [-157.862535, -14.897937], [-157.865135, -14.906616], [-157.867727, -14.915297], [-157.870278, -14.92399], [-157.87282, -14.932685], [-157.875326, -14.94139], [-157.877817, -14.950099], [-157.880279, -14.958816], [-157.882719, -14.967539], [-157.885137, -14.976268], [-157.887526, -14.985005], [-157.889899, -14.993745], [-157.892236, -15.002494], [-157.894565, -15.011246], [-157.896851, -15.020009], [-157.899131, -15.028773], [-157.90137, -15.037546], [-157.903599, -15.046323], [-157.905793, -15.055107], [-157.90797, -15.063896], [-157.91012, -15.072691], [-157.912245, -15.081492], [-157.91435, -15.090297], [-157.916423, -15.09911], [-157.918483, -15.107925], [-157.920505, -15.116749], [-157.92252, -15.125574], [-157.92449, -15.134409], [-157.926454, -15.143245], [-157.928378, -15.152089], [-157.93029, -15.160936], [-157.932169, -15.16979], [-157.934029, -15.178647], [-157.935863, -15.18751], [-157.937671, -15.196377], [-157.939459, -15.205248], [-157.941215, -15.214126], [-157.942958, -15.223006], [-157.944662, -15.231893], [-157.946359, -15.240781], [-157.948011, -15.249677], [-157.949656, -15.258575], [-157.951262, -15.267479], [-157.952855, -15.276385], [-157.954416, -15.285297], [-157.955956, -15.294212], [-157.957471, -15.303131], [-157.958786, -15.311004], [-157.958777, -15.311007], [-157.959175, -15.311993], [-157.959175, -15.311993], [-157.962569, -15.320411], [-157.965923, -15.328844], [-157.96927, -15.33728], [-157.972579, -15.34573], [-157.975877, -15.354184], [-157.979143, -15.36265], [-157.982392, -15.371123], [-157.985614, -15.379604], [-157.988813, -15.388094], [-157.991993, -15.396591], [-157.995142, -15.405099], [-157.998279, -15.413611], [-158.001378, -15.422136], [-158.004471, -15.430663], [-158.007537, -15.4392], [-158.010586, -15.447742], [-158.013614, -15.456291], [-158.01662, -15.464848], [-158.019598, -15.473414], [-158.02256, -15.481985], [-158.025488, -15.490567], [-158.028406, -15.499152], [-158.031284, -15.507751], [-158.034154, -15.516351], [-158.036985, -15.524964], [-158.039806, -15.53358], [-158.042592, -15.542207], [-158.045362, -15.550838], [-158.048105, -15.559478], [-158.050824, -15.568125], [-158.053523, -15.576778], [-158.056192, -15.585439], [-158.058846, -15.594105], [-158.061464, -15.602782], [-158.064074, -15.61146], [-158.066641, -15.620151], [-158.069201, -15.628843], [-158.071722, -15.637546], [-158.074232, -15.646253], [-158.076709, -15.654968], [-158.079169, -15.663688], [-158.081606, -15.672414], [-158.084023, -15.681145], [-158.086411, -15.689883], [-158.088787, -15.698625], [-158.09113, -15.707375], [-158.093455, -15.71613], [-158.095753, -15.724891], [-158.098026, -15.733658], [-158.10028, -15.742431], [-158.102501, -15.75121], [-158.10471, -15.759993], [-158.10688, -15.768785], [-158.109043, -15.777579], [-158.111161, -15.786383], [-158.113273, -15.795188], [-158.115346, -15.804002], [-158.117406, -15.812819], [-158.119434, -15.821643], [-158.121442, -15.830471], [-158.123425, -15.839305], [-158.124206, -15.842782], [-158.12501, -15.848208], [-158.126336, -15.857156], [-158.127662, -15.866104], [-158.128074, -15.868892], [-158.127885, -15.869287], [-158.136096, -15.865094], [-158.144368, -15.860898], [-158.152654, -15.856728], [-158.160947, -15.85257], [-158.169257, -15.848446], [-158.177574, -15.844335], [-158.185903, -15.840248], [-158.194245, -15.836184], [-158.202592, -15.832132], [-158.210958, -15.828116], [-158.21933, -15.824112], [-158.227714, -15.820133], [-158.23611, -15.816176], [-158.244511, -15.812231], [-158.25293, -15.808323], [-158.261356, -15.804427], [-158.269793, -15.800557], [-158.278242, -15.796709], [-158.286697, -15.792874], [-158.295168, -15.789074], [-158.303645, -15.785286], [-158.312134, -15.781525], [-158.320634, -15.777785], [-158.32914, -15.77406], [-158.337661, -15.770368], [-158.346188, -15.766688], [-158.354729, -15.763038], [-158.363278, -15.759407], [-158.371834, -15.755792], [-158.380404, -15.752209], [-158.38898, -15.748639], [-158.397569, -15.7451], [-158.406167, -15.741579], [-158.414771, -15.738076], [-158.423389, -15.734604], [-158.432012, -15.731144], [-158.440649, -15.727716], [-158.449293, -15.724305], [-158.457944, -15.720913], [-158.466608, -15.717552], [-158.475278, -15.714202], [-158.483959, -15.710885], [-158.492648, -15.707584], [-158.501345, -15.704305], [-158.510052, -15.701052], [-158.518764, -15.69781], [-158.527491, -15.694607], [-158.536222, -15.691414], [-158.544964, -15.688251], [-158.553714, -15.685108], [-158.56247, -15.681983], [-158.571239, -15.67889], [-158.580012, -15.675808], [-158.588797, -15.672761], [-158.597588, -15.66973], [-158.606387, -15.666721], [-158.615195, -15.663738], [-158.624008, -15.660766], [-158.632834, -15.657834], [-158.641664, -15.654913], [-158.650505, -15.652023], [-158.659353, -15.649152], [-158.668206, -15.646299], [-158.67707, -15.643478], [-158.685938, -15.640667], [-158.694818, -15.637893], [-158.703702, -15.635134], [-158.712594, -15.632397], [-158.721495, -15.629688], [-158.7304, -15.626992], [-158.739317, -15.624334], [-158.748237, -15.621687], [-158.757167, -15.61907], [-158.766103, -15.616473], [-158.775044, -15.613895], [-158.783995, -15.611348], [-158.79295, -15.608813], [-158.801915, -15.606314], [-158.810884, -15.60383], [-158.819861, -15.601372], [-158.828845, -15.598939], [-158.837833, -15.596519], [-158.846831, -15.594138], [-158.855833, -15.591767], [-158.864842, -15.589425], [-158.873857, -15.587103], [-158.882877, -15.5848], [-158.891906, -15.58253], [-158.900937, -15.580272], [-158.909978, -15.578049], [-158.919024, -15.575842], [-158.928074, -15.573657], [-158.937132, -15.571501], [-158.946193, -15.569357], [-158.955263, -15.567253], [-158.964337, -15.565162], [-158.973417, -15.563096], [-158.982503, -15.561056], [-158.991592, -15.55903], [-159.00069, -15.557042], [-159.009791, -15.555065], [-159.018899, -15.553119], [-159.028011, -15.551196], [-159.037127, -15.549289], [-159.046251, -15.547417], [-159.055377, -15.545556], [-159.064511, -15.543729], [-159.073648, -15.54192], [-159.082789, -15.540133], [-159.091937, -15.538377], [-159.101088, -15.536633], [-159.110245, -15.534926], [-159.119406, -15.533235], [-159.128571, -15.531567], [-159.137741, -15.529925], [-159.146913, -15.528297], [-159.156093, -15.526708], [-159.165276, -15.525134], [-159.174462, -15.523581], [-159.183654, -15.522059], [-159.192848, -15.520552], [-159.202047, -15.519076], [-159.21125, -15.517621], [-159.220456, -15.516186], [-159.229668, -15.514785], [-159.238882, -15.513398], [-159.2481, -15.512039], [-159.257322, -15.510703], [-159.266546, -15.509382], [-159.275776, -15.508102], [-159.285008, -15.506835], [-159.294244, -15.505592], [-159.303483, -15.504378], [-159.312724, -15.503178], [-159.32197, -15.502013], [-159.331218, -15.500865], [-159.34047, -15.499741], [-159.349725, -15.498646], [-159.358981, -15.497566], [-159.368242, -15.496516], [-159.377505, -15.495489], [-159.38677, -15.49448], [-159.396038, -15.493502], [-159.40531, -15.492549], [-159.414582, -15.491609], [-159.423859, -15.490706], [-159.433136, -15.489815], [-159.442417, -15.488956], [-159.4517, -15.488118], [-159.460985, -15.4873], [-159.470272, -15.486514], [-159.479561, -15.485739], [-159.488853, -15.485003], [-159.498146, -15.484282], [-159.507441, -15.483587], [-159.516738, -15.48292], [-159.526036, -15.482267], [-159.535337, -15.48165], [-159.544639, -15.481045], [-159.553942, -15.480473], [-159.563247, -15.479922], [-159.572554, -15.479392], [-159.581862, -15.478893], [-159.591171, -15.478405], [-159.600482, -15.477958], [-159.609793, -15.477525], [-159.619106, -15.477117], [-159.62842, -15.476735], [-159.637734, -15.476369], [-159.64705, -15.476042], [-159.656367, -15.475726], [-159.665684, -15.475441], [-159.675002, -15.475176], [-159.684321, -15.474933], [-159.69364, -15.474723], [-159.70296, -15.474525], [-159.71228, -15.474365], [-159.721601, -15.474218], [-159.730922, -15.474098], [-159.740243, -15.474005], [-159.749565, -15.473927], [-159.758887, -15.473887], [-159.768208, -15.473858], [-159.77753, -15.473861], [-159.786852, -15.473885], [-159.796174, -15.47393], [-159.805495, -15.474008], [-159.814816, -15.474098], [-159.824137, -15.474224], [-159.833457, -15.474365], [-159.842778, -15.474533], [-159.852097, -15.474728], [-159.861416, -15.474939], [-159.870734, -15.475182], [-159.880052, -15.475438], [-159.889369, -15.475723], [-159.898685, -15.476032], [-159.908001, -15.47636], [-159.917315, -15.476721], [-159.926629, -15.477096], [-159.935941, -15.477503], [-159.945252, -15.477932], [-159.954562, -15.478379], [-159.96387, -15.478861], [-159.973178, -15.479356], [-159.982483, -15.479883], [-159.991788, -15.48043], [-160.001091, -15.480998], [-160.010392, -15.481599], [-160.019692, -15.482212], [-160.02899, -15.48286], [-160.038286, -15.483527], [-160.04758, -15.484215], [-160.056872, -15.484934], [-160.066163, -15.485666], [-160.075451, -15.486435], [-160.084737, -15.487221], [-160.094022, -15.488031], [-160.103303, -15.488869], [-160.112583, -15.489721], [-160.12186, -15.49061], [-160.131134, -15.491515], [-160.140407, -15.492442], [-160.149676, -15.493399], [-160.158944, -15.49437], [-160.168207, -15.495379], [-160.177469, -15.496402], [-160.186728, -15.497449], [-160.195984, -15.498523], [-160.205238, -15.49961], [-160.214487, -15.500738], [-160.223735, -15.501877], [-160.232978, -15.503046], [-160.242219, -15.504237], [-160.251457, -15.505446], [-160.26069, -15.506689], [-160.269922, -15.507944], [-160.279148, -15.509235], [-160.288372, -15.510544], [-160.297593, -15.511874], [-160.306808, -15.513234], [-160.316022, -15.514607], [-160.32523, -15.516019], [-160.334436, -15.517444], [-160.343637, -15.518894], [-160.352834, -15.520371], [-160.362028, -15.521863], [-160.371216, -15.523393], [-160.380402, -15.524935], [-160.389582, -15.526508], [-160.398758, -15.528102], [-160.407931, -15.529714], [-160.417098, -15.531359], [-160.426262, -15.533016], [-160.43542, -15.53471], [-160.444574, -15.536418], [-160.453724, -15.538148], [-160.462869, -15.539907], [-160.472008, -15.541689], [-160.481144, -15.543491], [-160.490275, -15.545317], [-160.499399, -15.547172], [-160.504109, -15.548132], [-160.501172, -15.544961], [-160.494946, -15.538235], [-160.488746, -15.531485], [-160.482564, -15.524721], [-160.476399, -15.517942], [-160.470251, -15.511148], [-160.464126, -15.504335], [-160.458021, -15.497505], [-160.451935, -15.49066], [-160.445864, -15.483802], [-160.439818, -15.476923], [-160.433784, -15.470036], [-160.427777, -15.463125], [-160.421786, -15.456202], [-160.415813, -15.449265], [-160.409866, -15.442306], [-160.40393, -15.435338], [-160.398022, -15.428349], [-160.39213, -15.421347], [-160.386255, -15.414332], [-160.380407, -15.407296], [-160.37457, -15.40025], [-160.368762, -15.393183], [-160.36297, -15.386104], [-160.357194, -15.379012], [-160.351447, -15.371898], [-160.345712, -15.364776], [-160.340004, -15.357633], [-160.334313, -15.350478], [-160.328638, -15.34331], [-160.322992, -15.336121], [-160.317358, -15.328924], [-160.311751, -15.321706], [-160.306163, -15.314475], [-160.30059, -15.307233], [-160.295046, -15.299971], [-160.289514, -15.2927], [-160.28401, -15.285409], [-160.278524, -15.278105], [-160.273054, -15.27079], [-160.267614, -15.263454], [-160.262186, -15.25611], [-160.256782, -15.248749], [-160.2514, -15.241374], [-160.246032, -15.233988], [-160.240695, -15.226582], [-160.235373, -15.219166], [-160.23007, -15.211737], [-160.224795, -15.204288], [-160.219535, -15.196831], [-160.214298, -15.189358], [-160.209085, -15.18187], [-160.203885, -15.174373], [-160.198715, -15.166856], [-160.193563, -15.159328], [-160.188428, -15.151789], [-160.183323, -15.144232], [-160.178231, -15.136665], [-160.173164, -15.129084], [-160.16812, -15.121488], [-160.163089, -15.113884], [-160.15809, -15.106259], [-160.153108, -15.098625], [-160.148145, -15.090979], [-160.143211, -15.083315], [-160.13829, -15.075644], [-160.133397, -15.067955], [-160.128525, -15.060255], [-160.123667, -15.052546], [-160.118844, -15.044816], [-160.114033, -15.037079], [-160.109245, -15.029329], [-160.104484, -15.021564], [-160.099737, -15.01379], [-160.095021, -15.005999], [-160.090321, -14.998198], [-160.08564, -14.990387], [-160.08099, -14.982558], [-160.076354, -14.974722], [-160.071745, -14.966871], [-160.067156, -14.959009], [-160.062579, -14.95114], [-160.058036, -14.943252], [-160.053507, -14.935358], [-160.049003, -14.927449], [-160.044523, -14.919528], [-160.040057, -14.9116], [-160.035627, -14.903652], [-160.031209, -14.895698], [-160.026817, -14.887731], [-160.022449, -14.879751], [-160.018094, -14.871765], [-160.013777, -14.863759], [-160.009472, -14.855747], [-160.005192, -14.847723], [-160.000936, -14.839686], [-159.996693, -14.831643], [-159.992488, -14.823582], [-159.988297, -14.815513], [-159.984131, -14.807433], [-159.979989, -14.79934], [-159.975859, -14.791242], [-159.971768, -14.783125], [-159.967691, -14.775002], [-159.963638, -14.766867], [-159.95961, -14.758721], [-159.955595, -14.750568], [-159.951618, -14.742399], [-159.947655, -14.734222], [-159.943714, -14.726036], [-159.9398, -14.717837], [-159.935906, -14.70963], [-159.932033, -14.701413], [-159.92819, -14.693183], [-159.924366, -14.684944], [-159.920562, -14.676697], [-159.916787, -14.668437], [-159.913036, -14.660167], [-159.909297, -14.651892], [-159.905594, -14.643602], [-159.901908, -14.635304], [-159.898243, -14.626997], [-159.894609, -14.618678], [-159.890988, -14.610353], [-159.887399, -14.602016], [-159.88383, -14.59367], [-159.880282, -14.585316], [-159.876765, -14.576949], [-159.873262, -14.568577], [-159.86979, -14.560193], [-159.866338, -14.551801], [-159.862905, -14.543401], [-159.859507, -14.534988], [-159.856122, -14.52657], [-159.852767, -14.518141], [-159.849435, -14.509703], [-159.84612, -14.501259], [-159.842839, -14.492802], [-159.839572, -14.48434], [-159.836335, -14.475868], [-159.833121, -14.467387], [-159.829922, -14.4589], [-159.826761, -14.4504], [-159.823614, -14.441895], [-159.820494, -14.433381], [-159.8174, -14.424858], [-159.814319, -14.41633], [-159.811277, -14.407789], [-159.808249, -14.399244], [-159.805245, -14.39069], [-159.802268, -14.382128], [-159.799306, -14.37356], [-159.796381, -14.364981], [-159.793468, -14.356398], [-159.790587, -14.347804], [-159.787728, -14.339203], [-159.784886, -14.330597], [-159.78208, -14.321981], [-159.779286, -14.31336], [-159.776527, -14.304728], [-159.773787, -14.296091], [-159.771068, -14.287448], [-159.768381, -14.278795], [-159.765706, -14.270138], [-159.76307, -14.26147], [-159.760447, -14.252799], [-159.757847, -14.24412], [-159.755276, -14.235434], [-159.75272, -14.226744], [-159.750201, -14.218043], [-159.747698, -14.209338], [-159.745219, -14.200626], [-159.74277, -14.191906], [-159.740334, -14.183183], [-159.737938, -14.174449], [-159.735556, -14.165712], [-159.733198, -14.156968], [-159.730871, -14.148217], [-159.728557, -14.139462], [-159.726283, -14.130697], [-159.724024, -14.121929], [-159.721788, -14.113155], [-159.719582, -14.104374], [-159.717389, -14.095589], [-159.715237, -14.086796], [-159.7131, -14.077998], [-159.710986, -14.069195], [-159.708904, -14.060386], [-159.706835, -14.051573], [-159.704795, -14.042754], [-159.70278, -14.033929], [-159.700796, -14.025097], [-159.698825, -14.016263], [-159.696885, -14.007422], [-159.694968, -13.998577], [-159.69307, -13.989727], [-159.691208, -13.980871], [-159.689358, -13.972012], [-159.687543, -13.963146], [-159.685747, -13.954276], [-159.683975, -13.945402], [-159.682233, -13.936522], [-159.680504, -13.927639], [-159.678815, -13.91875], [-159.677141, -13.909857], [-159.675493, -13.90096], [-159.673875, -13.892058], [-159.672271, -13.883153], [-159.670705, -13.874242], [-159.669152, -13.865329], [-159.667632, -13.85641], [-159.666135, -13.847488], [-159.664655, -13.838562], [-159.663213, -13.829631], [-159.661783, -13.820698], [-159.660387, -13.81176], [-159.659012, -13.802819], [-159.657658, -13.793875], [-159.656338, -13.784926], [-159.655031, -13.775975], [-159.653761, -13.767019], [-159.652508, -13.75806], [-159.651282, -13.749098], [-159.650084, -13.740133], [-159.648899, -13.731166], [-159.647754, -13.722194], [-159.646624, -13.71322], [-159.645521, -13.704242], [-159.644445, -13.695262], [-159.643384, -13.68628], [-159.642365, -13.677294], [-159.641359, -13.668305], [-159.640382, -13.659314], [-159.63943, -13.650321], [-159.638493, -13.641325], [-159.637598, -13.632326], [-159.636716, -13.623326], [-159.635863, -13.614322], [-159.635036, -13.605317], [-159.634226, -13.59631], [-159.633453, -13.5873], [-159.632693, -13.578288], [-159.631966, -13.569275], [-159.631263, -13.560259], [-159.630579, -13.551242], [-159.62993, -13.542222], [-159.629418, -13.535054], [-159.627698, -13.534326], [-159.619216, -13.530737], [-159.610744, -13.527127], [-159.602279, -13.523498], [-159.593829, -13.519839], [-159.585385, -13.516166], [-159.576956, -13.512462], [-159.568535, -13.508739], [-159.560123, -13.504997], [-159.551725, -13.501225], [-159.543334, -13.49744], [-159.534957, -13.493624], [-159.526589, -13.48979], [-159.518231, -13.485936], [-159.509887, -13.482052], [-159.501549, -13.478156], [-159.493228, -13.474226], [-159.484915, -13.470281], [-159.476612, -13.466315], [-159.468324, -13.462321], [-159.460042, -13.458314], [-159.451777, -13.454273], [-159.44352, -13.450218], [-159.435274, -13.446141], [-159.427043, -13.442035], [-159.418818, -13.437918], [-159.410611, -13.433768], [-159.402412, -13.429603], [-159.394225, -13.425414], [-159.386052, -13.4212], [-159.377886, -13.416974], [-159.369739, -13.412713], [-159.361599, -13.408439], [-159.353472, -13.404142], [-159.345357, -13.399824], [-159.337248, -13.395495], [-159.329157, -13.391133], [-159.321075, -13.386757], [-159.313005, -13.382358], [-159.304951, -13.377934], [-159.296903, -13.373497], [-159.288875, -13.369027], [-159.280855, -13.364543], [-159.272848, -13.360038], [-159.264857, -13.355506], [-159.256873, -13.350961], [-159.248908, -13.346385], [-159.240953, -13.341793], [-159.23301, -13.337182], [-159.225084, -13.332542], [-159.217166, -13.32789], [-159.209265, -13.32321], [-159.201376, -13.318511], [-159.193498, -13.313795], [-159.185638, -13.309051], [-159.177786, -13.304294], [-159.169951, -13.299509], [-159.16213, -13.294704], [-159.154318, -13.289884], [-159.146527, -13.285033], [-159.138743, -13.280171], [-159.130975, -13.275284], [-159.123215, -13.270385], [-159.115467, -13.26547], [-159.107731, -13.260536], [-159.10001, -13.25558], [-159.092303, -13.250602], [-159.084606, -13.24561], [-159.076929, -13.24059], [-159.069263, -13.235552], [-159.061608, -13.2305], [-159.053973, -13.225419], [-159.04635, -13.220321], [-159.038738, -13.215206], [-159.031146, -13.210065], [-159.023566, -13.204906], [-159.015994, -13.199736], [-159.008445, -13.194534], [-159.000904, -13.189321], [-158.993381, -13.184083], [-158.985873, -13.178826], [-158.978376, -13.173553], [-158.970901, -13.168251], [-158.963433, -13.162939], [-158.955986, -13.1576], [-158.94855, -13.152245], [-158.94113, -13.14687], [-158.933729, -13.14147], [-158.926335, -13.136061], [-158.918965, -13.130621], [-158.911604, -13.125168], [-158.904262, -13.119693], [-158.896936, -13.114197], [-158.889619, -13.108689], [-158.882328, -13.103149], [-158.875044, -13.097598], [-158.86778, -13.092024], [-158.860531, -13.086433], [-158.853293, -13.080826], [-158.846079, -13.075191], [-158.838873, -13.069545], [-158.831689, -13.063874], [-158.824518, -13.058186], [-158.817363, -13.05248], [-158.810227, -13.04675], [-158.803099, -13.041011], [-158.795998, -13.035241], [-158.788907, -13.02946], [-158.781834, -13.023657], [-158.774778, -13.017834], [-158.767732, -13.012], [-158.760712, -13.006135], [-158.753701, -13.000261], [-158.746712, -12.994362], [-158.739738, -12.988447], [-158.732777, -12.982516], [-158.725838, -12.976561], [-158.718908, -12.970596], [-158.712004, -12.964603], [-158.705112, -12.958596], [-158.698236, -12.952571], [-158.691382, -12.946524], [-158.684536, -12.940467], [-158.677718, -12.93438], [-158.670909, -12.928284], [-158.664121, -12.922166], [-158.65735, -12.916029], [-158.650591, -12.90988], [-158.643859, -12.903703], [-158.637135, -12.897517], [-158.630434, -12.891308], [-158.623749, -12.885083], [-158.617079, -12.878842], [-158.610432, -12.872578], [-158.603794, -12.866305], [-158.597183, -12.860004], [-158.590585, -12.853691], [-158.584004, -12.84736], [-158.577445, -12.841008], [-158.570895, -12.834647], [-158.564375, -12.828257], [-158.557864, -12.821858], [-158.551374, -12.815439], [-158.544903, -12.809001], [-158.538444, -12.802552], [-158.532013, -12.796077], [-158.525591, -12.789592], [-158.519193, -12.783085], [-158.512811, -12.776563], [-158.506445, -12.770027], [-158.500103, -12.763468], [-158.493772, -12.756899], [-158.487469, -12.750305], [-158.481178, -12.743699], [-158.474905, -12.737077], [-158.468655, -12.730434], [-158.462415, -12.723782], [-158.456206, -12.717103], [-158.450006, -12.710416], [-158.443829, -12.703708], [-158.437671, -12.696985], [-158.431525, -12.690249], [-158.425409, -12.683489], [-158.419303, -12.67672], [-158.413222, -12.669929], [-158.407157, -12.663124], [-158.401109, -12.656306], [-158.395086, -12.649465], [-158.389073, -12.642617], [-158.383089, -12.635744], [-158.377116, -12.628862], [-158.371161, -12.621966], [-158.365227, -12.615051], [-158.359305, -12.608128], [-158.353413, -12.601179], [-158.347532, -12.594222], [-158.341675, -12.587246], [-158.335837, -12.580254], [-158.330014, -12.573251], [-158.324218, -12.566225], [-158.318433, -12.559192], [-158.312677, -12.552136], [-158.306935, -12.545068], [-158.301212, -12.537986], [-158.295515, -12.530885], [-158.289827, -12.523775], [-158.284171, -12.516642], [-158.278527, -12.5095], [-158.272906, -12.50234], [-158.267306, -12.495164], [-158.261718, -12.48798], [-158.256162, -12.480771], [-158.250617, -12.473555], [-158.245098, -12.46632], [-158.239598, -12.459071], [-158.234113, -12.451811], [-158.228657, -12.44453], [-158.223211, -12.437241], [-158.217795, -12.429932], [-158.214769, -12.425847], [-158.210741, -12.426131], [-158.201565, -12.426778], [-158.192386, -12.427394], [-158.183206, -12.427997], [-158.174024, -12.428566], [-158.164841, -12.429114], [-158.155657, -12.429641], [-158.14647, -12.430133], [-158.137283, -12.430611], [-158.128094, -12.431057], [-158.118904, -12.43148], [-158.109713, -12.431885], [-158.100521, -12.432253], [-158.091328, -12.432606], [-158.082134, -12.432931], [-158.072939, -12.433229], [-158.063743, -12.433513], [-158.054546, -12.433756], [-158.045351, -12.434022], [-158.036156, -12.434329], [-158.02696, -12.434608], [-158.017764, -12.434872], [-158.008567, -12.435098], [-157.99937, -12.43531], [-157.990172, -12.435489], [-157.980973, -12.435646], [-157.971775, -12.435784], [-157.962575, -12.435889], [-157.953376, -12.435981], [-157.944176, -12.436033], [-157.934977, -12.43607], [-157.925777, -12.436081], [-157.916577, -12.436064], [-157.907378, -12.436031], [-157.898178, -12.435959], [-157.888979, -12.435874], [-157.87978, -12.435758], [-157.870582, -12.435619], [-157.861384, -12.43546], [-157.852186, -12.435267], [-157.842989, -12.435062], [-157.833793, -12.434819], [-157.824597, -12.43456], [-157.815403, -12.434274], [-157.806209, -12.433961], [-157.797016, -12.433633], [-157.787824, -12.433265], [-157.778633, -12.432885], [-157.769443, -12.432473], [-157.760255, -12.432038], [-157.751068, -12.431582], [-157.741882, -12.431094], [-157.732697, -12.430593], [-157.723515, -12.430053], [-157.714333, -12.429497], [-157.705153, -12.428916], [-157.695976, -12.428306], [-157.686799, -12.427681], [-157.677625, -12.427018], [-157.668452, -12.426342], [-157.659282, -12.425633], [-157.650114, -12.424902], [-157.640947, -12.424151], [-157.631783, -12.423367], [-157.622621, -12.42257], [-157.613462, -12.421735], [-157.604305, -12.420884], [-157.59515, -12.420008], [-157.585998, -12.419102], [-157.576848, -12.418183], [-157.567702, -12.417223], [-157.558557, -12.416252], [-157.549416, -12.41525], [-157.540278, -12.414227], [-157.531141, -12.413187], [-157.522009, -12.412112], [-157.512878, -12.411024], [-157.503752, -12.409901], [-157.494629, -12.408758], [-157.485508, -12.407592], [-157.476392, -12.406396], [-157.467277, -12.405188], [-157.458168, -12.403939], [-157.449062, -12.402677], [-157.439959, -12.401387], [-157.43086, -12.40007], [-157.421764, -12.398738], [-157.412674, -12.397368], [-157.403585, -12.395986], [-157.394502, -12.39457], [-157.385423, -12.393134], [-157.376347, -12.391678], [-157.367276, -12.390188], [-157.358208, -12.388686], [-157.349147, -12.387145], [-157.340088, -12.385589], [-157.331034, -12.384009], [-157.321985, -12.382399], [-157.312939, -12.380776], [-157.303901, -12.379113], [-157.294865, -12.377437], [-157.285835, -12.375732], [-157.276809, -12.374003], [-157.267787, -12.372258], [-157.258773, -12.370476], [-157.249761, -12.36868], [-157.240756, -12.366851], [-157.231756, -12.365003], [-157.22276, -12.363134], [-157.213772, -12.361233], [-157.204786, -12.359319], [-157.195808, -12.357367], [-157.186835, -12.3554], [-157.177867, -12.353408], [-157.168906, -12.351387], [-157.159948, -12.349352], [-157.150999, -12.34728], [-157.142054, -12.345195], [-157.133116, -12.343078], [-157.124184, -12.34094], [-157.115256, -12.338784], [-157.106337, -12.336593], [-157.097421, -12.334389], [-157.088515, -12.332152], [-157.079613, -12.329897], [-157.070717, -12.327617], [-157.06183, -12.325309], [-157.052946, -12.322989], [-157.044073, -12.320628], [-157.035203, -12.318254], [-157.026341, -12.315854], [-157.017487, -12.313429], [-157.008637, -12.310988], [-156.999797, -12.30851], [-156.990962, -12.306019], [-156.982135, -12.303499], [-156.973315, -12.300956], [-156.964502, -12.298394], [-156.955697, -12.295801], [-156.946896, -12.293197], [-156.938106, -12.290559], [-156.929321, -12.287904], [-156.920544, -12.285226], [-156.911776, -12.282518], [-156.903012, -12.279798], [-156.894261, -12.277038], [-156.885514, -12.274266], [-156.876776, -12.271468], [-156.868047, -12.268645], [-156.859323, -12.265805], [-156.850611, -12.262931], [-156.841903, -12.260044], [-156.833207, -12.257127], [-156.824517, -12.254189], [-156.815835, -12.251231], [-156.807164, -12.248241], [-156.798498, -12.245239], [-156.789843, -12.242203], [-156.781196, -12.239151], [-156.772557, -12.236074], [-156.763928, -12.23297], [-156.755304, -12.229855], [-156.746694, -12.226702], [-156.738089, -12.223536], [-156.729495, -12.220343], [-156.720911, -12.217125], [-156.712332, -12.213894], [-156.703767, -12.210625], [-156.695208, -12.207343], [-156.68666, -12.204034], [-156.678122, -12.200702], [-156.669589, -12.197355], [-156.661072, -12.193972], [-156.652559, -12.190577], [-156.644059, -12.187153], [-156.635568, -12.183708], [-156.627084, -12.180244], [-156.618614, -12.17675], [-156.610149, -12.173244], [-156.6017, -12.169703], [-156.593257, -12.166146], [-156.584824, -12.162567], [-156.576404, -12.158961], [-156.567988, -12.155343], [-156.559589, -12.151688], [-156.551198, -12.148019], [-156.542817, -12.144326], [-156.534448, -12.140607], [-156.526084, -12.136876], [-156.517738, -12.133109], [-156.509397, -12.12933], [-156.50107, -12.125523], [-156.492754, -12.121693], [-156.484444, -12.11785], [-156.476151, -12.113972], [-156.467864, -12.110082], [-156.459592, -12.106163], [-156.451329, -12.102224], [-156.443075, -12.098268], [-156.434837, -12.09428], [-156.426606, -12.09028], [-156.418391, -12.086248], [-156.410184, -12.082199], [-156.401987, -12.078131], [-156.393805, -12.074035], [-156.38563, -12.069927], [-156.377473, -12.065783], [-156.369323, -12.061626], [-156.361185, -12.057449], [-156.353061, -12.053244], [-156.344943, -12.049028], [-156.336845, -12.044776], [-156.328754, -12.040511], [-156.320677, -12.036222], [-156.312612, -12.031909], [-156.304556, -12.027582], [-156.296518, -12.023222], [-156.288487, -12.01885], [-156.280471, -12.014452], [-156.272467, -12.010034], [-156.264472, -12.0056], [-156.256496, -12.001134], [-156.248527, -11.996655], [-156.240575, -11.992148], [-156.232633, -11.987624], [-156.224702, -11.983081], [-156.216788, -11.978511], [-156.208881, -11.973929], [-156.200994, -11.969314], [-156.193116, -11.964684], [-156.185251, -11.960034], [-156.177401, -11.955359], [-156.169557, -11.950675], [-156.161735, -11.945955], [-156.153921, -11.941225], [-156.146122, -11.936469], [-156.138337, -11.931691], [-156.130561, -11.9269], [-156.122805, -11.922078], [-156.115056, -11.917246], [-156.107326, -11.912384], [-156.099607, -11.907505], [-156.0919, -11.902609], [-156.084211, -11.897685], [-156.07653, -11.89275], [-156.06887, -11.887783], [-156.064128, -11.884721], [-156.06122, -11.882802], [-156.053584, -11.8778], [-156.045964, -11.872774], [-156.038352, -11.867738], [-156.030763, -11.862669], [-156.023182, -11.857589], [-156.015618, -11.852482], [-156.008068, -11.847357], [-156.000529, -11.842218], [-155.993011, -11.837048], [-155.985501, -11.831867], [-155.97801, -11.826659], [-155.970532, -11.821436], [-155.963067, -11.816192], [-155.955621, -11.810924], [-155.948182, -11.805646], [-155.940768, -11.800335], [-155.933362, -11.795013], [-155.925972, -11.789669], [-155.9186, -11.784303], [-155.911237, -11.778924], [-155.903897, -11.773515], [-155.896565, -11.768096], [-155.889252, -11.762652], [-155.881953, -11.75719], [-155.874668, -11.751712], [-155.867403, -11.746206], [-155.860146, -11.740691], [-155.852912, -11.735147], [-155.84569, -11.729589], [-155.838483, -11.724012], [-155.831294, -11.718412], [-155.824114, -11.712802], [-155.81696, -11.707159], [-155.809815, -11.701506], [-155.802688, -11.69583], [-155.795578, -11.690136], [-155.788479, -11.684428], [-155.781403, -11.678692], [-155.774335, -11.672946], [-155.76729, -11.667174], [-155.760259, -11.661386], [-155.753242, -11.655581], [-155.746246, -11.649753], [-155.739258, -11.643914], [-155.732296, -11.638046], [-155.725344, -11.632167], [-155.71841, -11.626267], [-155.711489, -11.620354], [-155.704582, -11.614424], [-155.69769, -11.608477], [-155.690819, -11.602507], [-155.683965, -11.596519], [-155.677118, -11.590523], [-155.6703, -11.584495], [-155.663491, -11.578458], [-155.656701, -11.5724], [-155.649928, -11.566323], [-155.643168, -11.560234], [-155.636434, -11.554117], [-155.629708, -11.547991], [-155.623005, -11.54184], [-155.616316, -11.535675], [-155.609643, -11.529494], [-155.602992, -11.52329], [-155.59635, -11.517076], [-155.589736, -11.510834], [-155.583133, -11.504582], [-155.576549, -11.49831], [-155.569984, -11.492018], [-155.56343, -11.485716], [-155.556903, -11.479386], [-155.550386, -11.473047], [-155.543893, -11.466685], [-155.537414, -11.460307], [-155.530951, -11.453916], [-155.524511, -11.447501], [-155.51808, -11.441079], [-155.511678, -11.434628], [-155.505287, -11.428166], [-155.498915, -11.421687], [-155.492564, -11.415188], [-155.486223, -11.40868], [-155.479912, -11.402144], [-155.47361, -11.395599], [-155.467331, -11.389034], [-155.461069, -11.382453], [-155.454821, -11.375858], [-155.4486, -11.369239], [-155.442387, -11.362613], [-155.43971, -11.359732]]]}}, {"type": "Feature", "properties": {"company": "American Ocean Minerals", "company_full": "American Ocean Minerals Corporation", "area_name": "American Ocean Minerals Corporation \u2014 application area", "subarea": "Area A", "docket": "", "area_size": "45,108 km\u00b2", "overlaps_with_named": "None", "reserved_overlap": "None", "us_overlaps_with": "None"}, "geometry": {"type": "Polygon", "coordinates": [[[-129.6733062, 17.55], [-129.6733062, 17.1613378], [-128.8376339, 17.1613378], [-128.8376339, 16.6699287], [-129.4973093, 16.6699287], [-129.4973093, 16.8365287], [-130.0852474, 16.8365287], [-130.0852474, 16.6689474], [-130.2522744, 16.6689474], [-130.2522744, 16.5865353], [-131.3355749, 16.5865353], [-131.3355749, 16.4190978], [-132.6640921, 16.4190978], [-132.6640921, 16.8351788], [-133.0019646, 16.8355063], [-133.0019646, 16.6687782], [-133.25, 16.6687782], [-133.25, 17.55], [-129.6733062, 17.55]]]}}, {"type": "Feature", "properties": {"company": "American Ocean Minerals", "company_full": "American Ocean Minerals Corporation", "area_name": "American Ocean Minerals Corporation \u2014 application area", "subarea": "Area B", "docket": "", "area_size": "20,465 km\u00b2", "overlaps_with_named": "None", "reserved_overlap": "None", "us_overlaps_with": "None"}, "geometry": {"type": "Polygon", "coordinates": [[[-134.0, 16.6667], [-133.2530664, 16.6667], [-133.2530664, 16.3299266], [-132.9197316, 16.3299266], [-132.9197316, 16.1639693], [-131.2469313, 16.1639693], [-131.2469313, 16.3799193], [-130.8364079, 16.3799193], [-130.8364079, 16.1634985], [-130.5026284, 16.1634985], [-130.5026284, 16.0039515], [-131.0033674, 16.0039515], [-131.0033674, 15.7570631], [-132.00476, 15.7570631], [-132.00476, 15.6569894], [-132.9103417, 15.6569894], [-132.9103417, 15.9229912], [-134.0, 15.9229912], [-134.0, 16.6667]]]}}, {"type": "Feature", "properties": {"company": "American Ocean Minerals", "company_full": "American Ocean Minerals Corporation", "area_name": "American Ocean Minerals Corporation \u2014 application area", "subarea": "Area C", "docket": "", "area_size": "50,444 km\u00b2", "overlaps_with_named": "None", "reserved_overlap": "None", "us_overlaps_with": "None"}, "geometry": {"type": "Polygon", "coordinates": [[[-123.328447, 17.8633163], [-123.328447, 16.4770729], [-122.343, 16.4770729], [-122.343, 16.052], [-123.33, 16.052], [-123.33, 16.2350348], [-125.3314594, 16.2350348], [-125.3314594, 16.7515016], [-125.6647922, 16.7515016], [-125.6647922, 16.9190645], [-125.9971835, 16.9190645], [-125.9971835, 17.1618654], [-125.8600727, 17.1618654], [-125.8600727, 17.8727654], [-123.328447, 17.8633163]]]}}, {"type": "Feature", "properties": {"company": "American Ocean Minerals", "company_full": "American Ocean Minerals Corporation", "area_name": "American Ocean Minerals Corporation \u2014 application area", "subarea": "Area D", "docket": "", "area_size": "7,437 km\u00b2", "overlaps_with_named": "None", "reserved_overlap": "None", "us_overlaps_with": "None"}, "geometry": {"type": "Polygon", "coordinates": [[[-122.0944396, 11.9968892], [-121.1686824, 11.9968892], [-121.1686824, 11.3308812], [-122.0944396, 11.3308812], [-122.0944396, 11.9968892]]]}}, {"type": "Feature", "properties": {"company": "American Ocean Minerals", "company_full": "American Ocean Minerals Corporation", "area_name": "American Ocean Minerals Corporation \u2014 application area", "subarea": "Area E", "docket": "", "area_size": "22,662 km\u00b2", "overlaps_with_named": "None", "reserved_overlap": "None", "us_overlaps_with": "None"}, "geometry": {"type": "Polygon", "coordinates": [[[-122.25, 9.1], [-122.25, 7.46], [-123.384177, 7.46], [-123.384177, 9.1], [-122.25, 9.1]]]}}, {"type": "Feature", "properties": {"company": "American Ocean Minerals", "company_full": "American Ocean Minerals Corporation", "area_name": "American Ocean Minerals Corporation \u2014 application area", "subarea": "Dorado S", "docket": "", "area_size": "89,636 km\u00b2", "overlaps_with_named": "None", "reserved_overlap": "None", "us_overlaps_with": "None"}, "geometry": {"type": "Polygon", "coordinates": [[[-163.09245036, -23.4545641], [-161.75, -24.5], [-160.0, -25.1], [-160.0, -27.51667], [-161.69669731, -27.50979128], [-161.69605096, -25.20420508], [-164.09801753, -25.21089637], [-164.1, -23.45], [-163.09245036, -23.4545641]]]}}, {"type": "Feature", "properties": {"company": "American Ocean Minerals", "company_full": "American Ocean Minerals Corporation", "area_name": "American Ocean Minerals Corporation \u2014 application area", "subarea": "MML", "docket": "", "area_size": "23,630 km\u00b2", "overlaps_with_named": "None", "reserved_overlap": "None", "us_overlaps_with": "None"}, "geometry": {"type": "Polygon", "coordinates": [[[-158.4999999997, -16.0000000002997], [-158.4999999997, -16.0833333331668], [-158.4999999997, -16.1666666669331], [-158.4999999997, -16.2499999998001], [-158.4999999997, -16.3333333335664], [-158.4999999997, -16.4166666664335], [-158.4999999997, -16.5000000001998], [-158.4999999997, -16.5833333330668], [-158.4999999997, -16.6666666668332], [-158.4999999997, -16.7499999997002], [-158.4999999997, -16.8333333334665], [-158.4999999997, -16.9166666663335], [-158.4999999997, -17.0000000000999], [-158.583333333467, -17.0000000000999], [-158.666666666334, -17.0000000000999], [-158.7500000001, -17.0000000000999], [-158.833333332967, -17.0000000000999], [-158.916666666733, -17.0000000000999], [-158.9999999996, -17.0000000000999], [-159.083333333367, -17.0000000000999], [-159.166666666234, -17.0000000000999], [-159.25, -17.0000000000999], [-159.333333333766, -17.0000000000999], [-159.416666666633, -17.0000000000999], [-159.5000000004, -17.0000000000999], [-159.583333333267, -17.0000000000999], [-159.666666667033, -17.0000000000999], [-159.7499999999, -17.0000000000999], [-159.833333333666, -17.0000000000999], [-159.916666666533, -17.0000000000999], [-160.0000000003, -17.0000000000999], [-160.083333333167, -17.0000000000999], [-160.166666666933, -17.0000000000999], [-160.2499999998, -17.0000000000999], [-160.333333333566, -17.0000000000999], [-160.416666666433, -17.0000000000999], [-160.5000000002, -17.0000000000999], [-160.5000000002, -16.9166666663335], [-160.5000000002, -16.8333333334665], [-160.5000000002, -16.7499999997002], [-160.5000000002, -16.6666666668332], [-160.5000000002, -16.5833333330668], [-160.5000000002, -16.5000000001998], [-160.5000000002, -16.4166666664335], [-160.5000000002, -16.3333333335664], [-160.5000000002, -16.2499999998001], [-160.5000000002, -16.1666666669331], [-160.5000000002, -16.0833333331668], [-160.5000000002, -16.0000000002997], [-160.416666666433, -16.0000000002997], [-160.333333333566, -16.0000000002997], [-160.2499999998, -16.0000000002997], [-160.166666666933, -16.0000000002997], [-160.083333333167, -16.0000000002997], [-160.0000000003, -16.0000000002997], [-159.916666666533, -16.0000000002997], [-159.833333333666, -16.0000000002997], [-159.7499999999, -16.0000000002997], [-159.666666667033, -16.0000000002997], [-159.583333333267, -16.0000000002997], [-159.5000000004, -16.0000000002997], [-159.416666666633, -16.0000000002997], [-159.333333333766, -16.0000000002997], [-159.25, -16.0000000002997], [-159.166666666234, -16.0000000002997], [-159.083333333367, -16.0000000002997], [-158.9999999996, -16.0000000002997], [-158.916666666733, -16.0000000002997], [-158.833333332967, -16.0000000002997], [-158.7500000001, -16.0000000002997], [-158.666666666334, -16.0000000002997], [-158.583333333467, -16.0000000002997], [-158.4999999997, -16.0000000002997]]]}}, {"type": "Feature", "properties": {"company": "American Ocean Minerals", "company_full": "American Ocean Minerals Corporation", "area_name": "American Ocean Minerals Corporation \u2014 application area", "subarea": "CIC", "docket": "", "area_size": "211,545 km\u00b2", "overlaps_with_named": "None", "reserved_overlap": "None", "us_overlaps_with": "None"}, "geometry": {"type": "MultiPolygon", "coordinates": [[[[-159.583333333267, -24.5000000003997], [-159.583333333267, -24.5833333332667], [-159.666666667033, -24.5833333332667], [-159.7499999999, -24.5833333332667], [-159.833333333666, -24.5833333332667], [-159.916666667433, -24.5833333332667], [-160.0000000003, -24.5833333332667], [-160.083333333167, -24.5833333332667], [-160.083333333167, -24.5000000003997], [-160.166666666933, -24.5000000003997], [-160.2499999998, -24.5000000003997], [-160.333333333566, -24.5000000003997], [-160.416666666433, -24.5000000003997], [-160.5000000002, -24.5000000003997], [-160.5000000002, -24.4166666666333], [-160.5000000002, -24.3333333337663], [-160.5000000002, -24.25], [-160.5000000002, -24.1666666662336], [-160.5000000002, -24.0833333333666], [-160.5000000002, -23.9999999996003], [-160.5000000002, -23.9166666667332], [-160.5000000002, -23.8333333329669], [-160.5000000002, -23.7500000000999], [-160.5000000002, -23.6666666663335], [-160.416666666433, -23.6666666663335], [-160.333333333566, -23.6666666663335], [-160.2499999998, -23.6666666663335], [-160.166666666933, -23.6666666663335], [-160.083333333167, -23.6666666663335], [-160.0000000003, -23.6666666663335], [-159.916666667433, -23.6666666663335], [-159.833333333666, -23.6666666663335], [-159.7499999999, -23.6666666663335], [-159.666666667033, -23.6666666663335], [-159.583333333267, -23.6666666663335], [-159.583333333267, -23.7500000000999], [-159.583333333267, -23.8333333329669], [-159.583333333267, -23.9166666667332], [-159.583333333267, -23.9999999996003], [-159.583333333267, -24.0833333333666], [-159.583333333267, -24.1666666662336], [-159.583333333267, -24.25], [-159.583333333267, -24.3333333337663], [-159.583333333267, -24.4166666666333], [-159.583333333267, -24.5000000003997]]], [[[-157.333333333267, -23.4166666668332], [-157.416666667033, -23.4166666668332], [-157.416666667033, -23.3333333330668], [-157.416666667033, -23.2500000001998], [-157.416666667033, -23.1666666664335], [-157.416666667033, -23.0833333335664], [-157.416666667033, -22.9999999998001], [-157.416666667033, -22.9166666669331], [-157.416666667033, -22.8333333331668], [-157.416666667033, -22.7500000002997], [-157.333333333267, -22.7500000002997], [-157.333333333267, -22.6666666674327], [-157.2500000004, -22.6666666674327], [-157.2500000004, -22.5833333336664], [-157.166666666633, -22.5833333336664], [-157.166666666633, -22.4999999999], [-157.083333333766, -22.4999999999], [-157.083333333766, -22.416666667033], [-157.0, -22.416666667033], [-156.916666666234, -22.416666667033], [-156.833333333367, -22.416666667033], [-156.7499999996, -22.416666667033], [-156.666666666733, -22.416666667033], [-156.583333332967, -22.416666667033], [-156.5000000001, -22.416666667033], [-156.416666666334, -22.416666667033], [-156.416666666334, -22.4999999999], [-156.416666666334, -22.5833333336664], [-156.416666666334, -22.6666666674327], [-156.416666666334, -22.7500000002997], [-156.416666666334, -22.8333333331668], [-156.416666666334, -22.9166666669331], [-156.416666666334, -22.9999999998001], [-156.416666666334, -23.0833333335664], [-156.416666666334, -23.1666666664335], [-156.416666666334, -23.2500000001998], [-156.416666666334, -23.3333333330668], [-156.416666666334, -23.4166666668332], [-156.5000000001, -23.4166666668332], [-156.583333332967, -23.4166666668332], [-156.666666666733, -23.4166666668332], [-156.7499999996, -23.4166666668332], [-156.833333333367, -23.4166666668332], [-156.916666666234, -23.4166666668332], [-157.0, -23.4166666668332], [-157.083333333766, -23.4166666668332], [-157.166666666633, -23.4166666668332], [-157.2500000004, -23.4166666668332], [-157.333333333267, -23.4166666668332]]], [[[-165.083333333067, -18.1666666674327], [-165.083333333067, -18.2500000002997], [-165.0000000002, -18.2500000002997], [-164.916666666433, -18.2500000002997], [-164.916666666433, -18.3333333331668], [-164.916666666433, -18.4166666669331], [-164.916666666433, -18.4999999998001], [-164.916666666433, -18.5833333335664], [-164.833333333566, -18.5833333335664], [-164.7499999998, -18.5833333335664], [-164.7499999998, -18.6666666664335], [-164.666666666933, -18.6666666664335], [-164.583333333167, -18.6666666664335], [-164.5000000003, -18.6666666664335], [-164.5000000003, -18.7500000001998], [-164.5000000003, -18.8333333330668], [-164.5000000003, -18.9166666668332], [-164.5000000003, -18.9999999997002], [-164.416666666533, -18.9999999997002], [-164.416666666533, -19.0833333334665], [-164.416666666533, -19.1666666663335], [-164.333333333666, -19.1666666663335], [-164.333333333666, -19.2500000000999], [-164.333333333666, -19.3333333329669], [-164.416666666533, -19.3333333329669], [-164.5000000003, -19.3333333329669], [-164.583333333167, -19.3333333329669], [-164.666666666933, -19.3333333329669], [-164.7499999998, -19.3333333329669], [-164.833333333566, -19.3333333329669], [-164.916666666433, -19.3333333329669], [-165.0000000002, -19.3333333329669], [-165.083333333067, -19.3333333329669], [-165.166666666833, -19.3333333329669], [-165.2499999997, -19.3333333329669], [-165.333333332567, -19.3333333329669], [-165.416666666334, -19.3333333329669], [-165.5000000001, -19.3333333329669], [-165.583333332967, -19.3333333329669], [-165.666666666733, -19.3333333329669], [-165.7499999996, -19.3333333329669], [-165.833333333367, -19.3333333329669], [-165.916666666234, -19.3333333329669], [-166.0, -19.3333333329669], [-166.083333333766, -19.3333333329669], [-166.166666666633, -19.3333333329669], [-166.2500000004, -19.3333333329669], [-166.333333333267, -19.3333333329669], [-166.333333333267, -19.2500000000999], [-166.333333333267, -19.1666666663335], [-166.333333333267, -19.0833333325672], [-166.333333333267, -18.9999999997002], [-166.333333333267, -18.9166666668332], [-166.416666667033, -18.9166666668332], [-166.416666667033, -18.8333333330668], [-166.416666667033, -18.7500000001998], [-166.416666667033, -18.6666666664335], [-166.416666667033, -18.5833333335664], [-166.416666667033, -18.4999999998001], [-166.416666667033, -18.4166666669331], [-166.4999999999, -18.4166666669331], [-166.4999999999, -18.3333333331668], [-166.4999999999, -18.2500000002997], [-166.4999999999, -18.1666666674327], [-166.4999999999, -18.0833333336664], [-166.416666667033, -18.0833333336664], [-166.333333333267, -18.0833333336664], [-166.2500000004, -18.0833333336664], [-166.166666666633, -18.0833333336664], [-166.083333333766, -18.0833333336664], [-166.0, -18.0833333336664], [-165.916666666234, -18.0833333336664], [-165.833333333367, -18.0833333336664], [-165.7499999996, -18.0833333336664], [-165.666666666733, -18.0833333336664], [-165.583333332967, -18.0833333336664], [-165.5000000001, -18.0833333336664], [-165.416666666334, -18.0833333336664], [-165.333333332567, -18.0833333336664], [-165.2499999997, -18.0833333336664], [-165.166666666833, -18.0833333336664], [-165.083333333067, -18.0833333336664], [-165.083333333067, -18.1666666674327]]], [[[-161.0000000001, -14.9999999996003], [-161.0000000001, -15.0833333333666], [-161.0000000001, -15.1666666662336], [-161.0000000001, -15.25], [-161.0000000001, -15.3333333337663], [-161.0000000001, -15.4166666666333], [-161.0000000001, -15.5000000003997], [-161.0000000001, -15.5833333332667], [-161.0000000001, -15.666666667033], [-161.0000000001, -15.7499999999], [-161.0000000001, -15.8333333336664], [-161.0000000001, -15.9166666674327], [-161.0000000001, -16.0000000002997], [-160.916666666334, -16.0000000002997], [-160.833333332567, -16.0000000002997], [-160.7499999997, -16.0000000002997], [-160.666666666833, -16.0000000002997], [-160.583333333067, -16.0000000002997], [-160.5000000002, -16.0000000002997], [-160.5000000002, -16.0833333331668], [-160.5000000002, -16.1666666669331], [-160.5000000002, -16.2499999998001], [-160.5000000002, -16.3333333335664], [-160.5000000002, -16.4166666664335], [-160.5000000002, -16.5000000001998], [-160.5000000002, -16.5833333330668], [-160.5000000002, -16.6666666668332], [-160.5000000002, -16.7499999997002], [-160.5000000002, -16.8333333325672], [-160.5000000002, -16.9166666663335], [-160.5000000002, -17.0000000000999], [-160.416666666433, -17.0000000000999], [-160.333333333566, -17.0000000000999], [-160.2499999998, -17.0000000000999], [-160.166666666933, -17.0000000000999], [-160.083333333167, -17.0000000000999], [-160.0000000003, -17.0000000000999], [-159.916666667433, -17.0000000000999], [-159.833333333666, -17.0000000000999], [-159.7499999999, -17.0000000000999], [-159.666666667033, -17.0000000000999], [-159.583333333267, -17.0000000000999], [-159.5000000004, -17.0000000000999], [-159.416666666633, -17.0000000000999], [-159.333333333766, -17.0000000000999], [-159.25, -17.0000000000999], [-159.166666666234, -17.0000000000999], [-159.083333333367, -17.0000000000999], [-158.9999999996, -17.0000000000999], [-158.916666666733, -17.0000000000999], [-158.833333332967, -17.0000000000999], [-158.7500000001, -17.0000000000999], [-158.666666666334, -17.0000000000999], [-158.583333332567, -17.0000000000999], [-158.4999999997, -17.0000000000999], [-158.4999999997, -16.9166666663335], [-158.4999999997, -16.8333333325672], [-158.4999999997, -16.7499999997002], [-158.4999999997, -16.6666666668332], [-158.4999999997, -16.5833333330668], [-158.4999999997, -16.5000000001998], [-158.4999999997, -16.4166666664335], [-158.4999999997, -16.3333333335664], [-158.4999999997, -16.2499999998001], [-158.4999999997, -16.1666666669331], [-158.4999999997, -16.0833333331668], [-158.4999999997, -16.0000000002997], [-158.416666666833, -16.0000000002997], [-158.333333333067, -16.0000000002997], [-158.2500000002, -16.0000000002997], [-158.166666666433, -16.0000000002997], [-158.083333333566, -16.0000000002997], [-158.083333333566, -16.0833333331668], [-158.083333333566, -16.1666666669331], [-157.9999999998, -16.1666666669331], [-157.9999999998, -16.2499999998001], [-157.9999999998, -16.3333333335664], [-157.9999999998, -16.4166666664335], [-157.9999999998, -16.5000000001998], [-157.9999999998, -16.5833333330668], [-157.9999999998, -16.6666666668332], [-157.9999999998, -16.7499999997002], [-157.9999999998, -16.8333333325672], [-157.9999999998, -16.9166666663335], [-157.9999999998, -17.0000000000999], [-157.9999999998, -17.0833333329669], [-157.9999999998, -17.1666666667333], [-157.9999999998, -17.2499999996003], [-157.9999999998, -17.3333333333666], [-157.9999999998, -17.4166666662336], [-157.9999999998, -17.5], [-157.9999999998, -17.5833333337663], [-157.9999999998, -17.6666666666333], [-157.9999999998, -17.7500000003997], [-158.083333333566, -17.7500000003997], [-158.083333333566, -17.8333333332667], [-158.166666666433, -17.8333333332667], [-158.2500000002, -17.8333333332667], [-158.333333333067, -17.8333333332667], [-158.416666666833, -17.8333333332667], [-158.4999999997, -17.8333333332667], [-158.4999999997, -17.916666667033], [-158.4999999997, -17.9999999999], [-158.583333332567, -17.9999999999], [-158.666666666334, -17.9999999999], [-158.7500000001, -17.9999999999], [-158.833333332967, -17.9999999999], [-158.833333332967, -18.0833333336664], [-158.833333332967, -18.1666666674327], [-158.833333332967, -18.2500000002997], [-158.833333332967, -18.3333333331668], [-158.916666666733, -18.3333333331668], [-158.9999999996, -18.3333333331668], [-158.9999999996, -18.2500000002997], [-159.083333333367, -18.2500000002997], [-159.083333333367, -18.1666666674327], [-159.166666666234, -18.1666666674327], [-159.166666666234, -18.0833333336664], [-159.25, -18.0833333336664], [-159.333333333766, -18.0833333336664], [-159.333333333766, -17.9999999999], [-159.416666666633, -17.9999999999], [-159.5000000004, -17.9999999999], [-159.583333333267, -17.9999999999], [-159.583333333267, -17.916666667033], [-159.666666667033, -17.916666667033], [-159.7499999999, -17.916666667033], [-159.833333333666, -17.916666667033], [-159.916666667433, -17.916666667033], [-160.0000000003, -17.916666667033], [-160.0000000003, -17.9999999999], [-160.083333333167, -17.9999999999], [-160.166666666933, -17.9999999999], [-160.2499999998, -17.9999999999], [-160.2499999998, -18.0833333336664], [-160.333333333566, -18.0833333336664], [-160.333333333566, -18.1666666674327], [-160.416666666433, -18.1666666674327], [-160.5000000002, -18.1666666674327], [-160.5000000002, -18.2500000002997], [-160.5000000002, -18.3333333331668], [-160.583333333067, -18.3333333331668], [-160.583333333067, -18.4166666669331], [-160.666666666833, -18.4166666669331], [-160.666666666833, -18.4999999998001], [-160.666666666833, -18.5833333335664], [-160.7499999997, -18.5833333335664], [-160.7499999997, -18.6666666664335], [-160.7499999997, -18.7500000001998], [-160.833333332567, -18.7500000001998], [-160.916666666334, -18.7500000001998], [-161.0000000001, -18.7500000001998], [-161.083333332967, -18.7500000001998], [-161.166666666733, -18.7500000001998], [-161.166666666733, -18.8333333330668], [-161.2499999996, -18.8333333330668], [-161.2499999996, -18.9166666668332], [-161.333333333367, -18.9166666668332], [-161.333333333367, -18.9999999997002], [-161.416666666234, -18.9999999997002], [-161.416666666234, -19.0833333325672], [-161.5, -19.0833333325672], [-161.583333333766, -19.0833333325672], [-161.666666666633, -19.0833333325672], [-161.666666666633, -19.1666666663335], [-161.7500000004, -19.1666666663335], [-161.7500000004, -19.2500000000999], [-161.7500000004, -19.3333333329669], [-161.833333333267, -19.3333333329669], [-161.916666667033, -19.3333333329669], [-161.916666667033, -19.4166666667332], [-161.9999999999, -19.4166666667332], [-162.083333333666, -19.4166666667332], [-162.166666667433, -19.4166666667332], [-162.2500000003, -19.4166666667332], [-162.333333333167, -19.4166666667332], [-162.416666666933, -19.4166666667332], [-162.4999999998, -19.4166666667332], [-162.4999999998, -19.4999999996003], [-162.4999999998, -19.5833333333666], [-162.4999999998, -19.6666666662336], [-162.4999999998, -19.75], [-162.4999999998, -19.8333333337663], [-162.4999999998, -19.9166666666333], [-162.4999999998, -20.0000000003997], [-162.4999999998, -20.0833333332667], [-162.583333333566, -20.0833333332667], [-162.666666666433, -20.0833333332667], [-162.7500000002, -20.0833333332667], [-162.833333333067, -20.0833333332667], [-162.916666666833, -20.0833333332667], [-162.9999999997, -20.0833333332667], [-163.083333332567, -20.0833333332667], [-163.166666666334, -20.0833333332667], [-163.2500000001, -20.0833333332667], [-163.333333332967, -20.0833333332667], [-163.416666666733, -20.0833333332667], [-163.416666666733, -20.0000000003997], [-163.416666666733, -19.9166666666333], [-163.416666666733, -19.8333333337663], [-163.416666666733, -19.75], [-163.416666666733, -19.6666666662336], [-163.416666666733, -19.5833333333666], [-163.416666666733, -19.4999999996003], [-163.416666666733, -19.4166666667332], [-163.333333332967, -19.4166666667332], [-163.333333332967, -19.3333333329669], [-163.2500000001, -19.3333333329669], [-163.2500000001, -19.2500000000999], [-163.2500000001, -19.1666666663335], [-163.166666666334, -19.1666666663335], [-163.166666666334, -19.0833333325672], [-163.083333332567, -19.0833333325672], [-162.9999999997, -19.0833333325672], [-162.916666666833, -19.0833333325672], [-162.916666666833, -18.9999999997002], [-162.916666666833, -18.9166666668332], [-162.833333333067, -18.9166666668332], [-162.7500000002, -18.9166666668332], [-162.666666666433, -18.9166666668332], [-162.666666666433, -18.8333333330668], [-162.583333333566, -18.8333333330668], [-162.583333333566, -18.7500000001998], [-162.4999999998, -18.7500000001998], [-162.4999999998, -18.6666666664335], [-162.416666666933, -18.6666666664335], [-162.416666666933, -18.5833333335664], [-162.333333333167, -18.5833333335664], [-162.333333333167, -18.4999999998001], [-162.2500000003, -18.4999999998001], [-162.2500000003, -18.4166666669331], [-162.2500000003, -18.3333333331668], [-162.2500000003, -18.2500000002997], [-162.166666667433, -18.2500000002997], [-162.166666667433, -18.1666666674327], [-162.166666667433, -18.0833333336664], [-162.166666667433, -17.9999999999], [-162.166666667433, -17.916666667033], [-162.166666667433, -17.8333333332667], [-162.2500000003, -17.8333333332667], [-162.2500000003, -17.7500000003997], [-162.2500000003, -17.6666666666333], [-162.2500000003, -17.5833333337663], [-162.333333333167, -17.5833333337663], [-162.333333333167, -17.5], [-162.416666666933, -17.5], [-162.416666666933, -17.4166666662336], [-162.4999999998, -17.4166666662336], [-162.4999999998, -17.3333333333666], [-162.583333333566, -17.3333333333666], [-162.583333333566, -17.2499999996003], [-162.666666666433, -17.2499999996003], [-162.7500000002, -17.2499999996003], [-162.7500000002, -17.1666666667333], [-162.7500000002, -17.0833333329669], [-162.7500000002, -17.0000000000999], [-162.666666666433, -17.0000000000999], [-162.583333333566, -17.0000000000999], [-162.4999999998, -17.0000000000999], [-162.416666666933, -17.0000000000999], [-162.333333333167, -17.0000000000999], [-162.2500000003, -17.0000000000999], [-162.166666667433, -17.0000000000999], [-162.083333333666, -17.0000000000999], [-161.9999999999, -17.0000000000999], [-161.916666667033, -17.0000000000999], [-161.833333333267, -17.0000000000999], [-161.7500000004, -17.0000000000999], [-161.666666666633, -17.0000000000999], [-161.583333333766, -17.0000000000999], [-161.5, -17.0000000000999], [-161.5, -16.9166666663335], [-161.5, -16.8333333325672], [-161.5, -16.7499999997002], [-161.5, -16.6666666668332], [-161.5, -16.5833333330668], [-161.5, -16.5000000001998], [-161.5, -16.4166666664335], [-161.5, -16.3333333335664], [-161.5, -16.2499999998001], [-161.583333333766, -16.2499999998001], [-161.666666666633, -16.2499999998001], [-161.7500000004, -16.2499999998001], [-161.833333333267, -16.2499999998001], [-161.916666667033, -16.2499999998001], [-161.9999999999, -16.2499999998001], [-161.9999999999, -16.3333333335664], [-161.9999999999, -16.4166666664335], [-162.083333333666, -16.4166666664335], [-162.166666667433, -16.4166666664335], [-162.2500000003, -16.4166666664335], [-162.333333333167, -16.4166666664335], [-162.416666666933, -16.4166666664335], [-162.4999999998, -16.4166666664335], [-162.4999999998, -16.3333333335664], [-162.4999999998, -16.2499999998001], [-162.4999999998, -16.1666666669331], [-162.4999999998, -16.0833333331668], [-162.4999999998, -16.0000000002997], [-162.583333333566, -16.0000000002997], [-162.666666666433, -16.0000000002997], [-162.7500000002, -16.0000000002997], [-162.833333333067, -16.0000000002997], [-162.916666666833, -16.0000000002997], [-162.9999999997, -16.0000000002997], [-162.9999999997, -15.9166666674327], [-162.9999999997, -15.8333333336664], [-162.9999999997, -15.7499999999], [-162.9999999997, -15.666666667033], [-162.9999999997, -15.5833333332667], [-162.9999999997, -15.5000000003997], [-162.916666666833, -15.5000000003997], [-162.833333333067, -15.5000000003997], [-162.7500000002, -15.5000000003997], [-162.666666666433, -15.5000000003997], [-162.583333333566, -15.5000000003997], [-162.4999999998, -15.5000000003997], [-162.416666666933, -15.5000000003997], [-162.333333333167, -15.5000000003997], [-162.2500000003, -15.5000000003997], [-162.166666667433, -15.5000000003997], [-162.083333333666, -15.5000000003997], [-161.9999999999, -15.5000000003997], [-161.9999999999, -15.5833333332667], [-161.916666667033, -15.5833333332667], [-161.833333333267, -15.5833333332667], [-161.7500000004, -15.5833333332667], [-161.7500000004, -15.666666667033], [-161.7500000004, -15.7499999999], [-161.666666666633, -15.7499999999], [-161.583333333766, -15.7499999999], [-161.5, -15.7499999999], [-161.5, -15.666666667033], [-161.5, -15.5833333332667], [-161.5, -15.5000000003997], [-161.5, -15.4166666666333], [-161.5, -15.3333333337663], [-161.5, -15.25], [-161.5, -15.1666666662336], [-161.5, -15.0833333333666], [-161.5, -14.9999999996003], [-161.416666666234, -14.9999999996003], [-161.333333333367, -14.9999999996003], [-161.2499999996, -14.9999999996003], [-161.166666666733, -14.9999999996003], [-161.083333332967, -14.9999999996003], [-161.0000000001, -14.9999999996003]]], [[[-161.0000000001, -14.9999999996003], [-161.0000000001, -14.9166666667333], [-161.0000000001, -14.8333333329669], [-161.0000000001, -14.7500000000999], [-161.0000000001, -14.6666666663335], [-161.0000000001, -14.5833333325672], [-161.0000000001, -14.4999999997002], [-161.0000000001, -14.4166666668332], [-161.0000000001, -14.3333333330668], [-161.0000000001, -14.2500000001998], [-161.0000000001, -14.1666666664335], [-161.0000000001, -14.0833333335664], [-161.0000000001, -13.9999999998001], [-160.916666666334, -13.9999999998001], [-160.833333332567, -13.9999999998001], [-160.7499999997, -13.9999999998001], [-160.666666666833, -13.9999999998001], [-160.583333333067, -13.9999999998001], [-160.5000000002, -13.9999999998001], [-160.5000000002, -13.9166666669331], [-160.5000000002, -13.8333333331668], [-160.5000000002, -13.7500000002997], [-160.5000000002, -13.6666666674327], [-160.5000000002, -13.5833333336663], [-160.5000000002, -13.4999999999], [-160.5000000002, -13.416666667033], [-160.5000000002, -13.3333333332667], [-160.5000000002, -13.2500000003997], [-160.5000000002, -13.1666666666333], [-160.5000000002, -13.0833333337663], [-160.5000000002, -13.0], [-160.416666666433, -13.0], [-160.333333333566, -13.0], [-160.2499999998, -13.0], [-160.166666666933, -13.0], [-160.083333333167, -13.0], [-160.0000000003, -13.0], [-160.0000000003, -12.9166666662336], [-160.0000000003, -12.8333333333666], [-160.0000000003, -12.7499999996003], [-160.0000000003, -12.6666666667332], [-160.0000000003, -12.5833333329669], [-160.0000000003, -12.5000000000999], [-160.0000000003, -12.4166666663335], [-160.0000000003, -12.3333333325672], [-160.0000000003, -12.2499999997002], [-160.0000000003, -12.1666666668332], [-160.0000000003, -12.0833333330668], [-160.0000000003, -12.0000000001998], [-159.916666667433, -12.0000000001998], [-159.833333333666, -12.0000000001998], [-159.7499999999, -12.0000000001998], [-159.666666667033, -12.0000000001998], [-159.583333333267, -12.0000000001998], [-159.5000000004, -12.0000000001998], [-159.416666666633, -12.0000000001998], [-159.333333333766, -12.0000000001998], [-159.333333333766, -12.0833333330668], [-159.333333333766, -12.1666666668332], [-159.25, -12.1666666668332], [-159.166666666234, -12.1666666668332], [-159.083333333367, -12.1666666668332], [-158.9999999996, -12.1666666668332], [-158.9999999996, -12.2499999997002], [-158.9999999996, -12.3333333325672], [-158.9999999996, -12.4166666663335], [-158.9999999996, -12.5000000000999], [-158.9999999996, -12.5833333329669], [-158.9999999996, -12.6666666667332], [-158.9999999996, -12.7499999996003], [-158.9999999996, -12.8333333333666], [-158.9999999996, -12.9166666662336], [-159.083333333367, -12.9166666662336], [-159.166666666234, -12.9166666662336], [-159.166666666234, -13.0], [-159.166666666234, -13.0833333337663], [-159.166666666234, -13.1666666666333], [-159.166666666234, -13.2500000003997], [-159.25, -13.2500000003997], [-159.333333333766, -13.2500000003997], [-159.333333333766, -13.3333333332667], [-159.416666666633, -13.3333333332667], [-159.5000000004, -13.3333333332667], [-159.5000000004, -13.416666667033], [-159.583333333267, -13.416666667033], [-159.666666667033, -13.416666667033], [-159.666666667033, -13.4999999999], [-159.666666667033, -13.5833333336663], [-159.666666667033, -13.6666666674327], [-159.666666667033, -13.7500000002997], [-159.666666667033, -13.8333333331668], [-159.7499999999, -13.8333333331668], [-159.7499999999, -13.9166666669331], [-159.7499999999, -13.9999999998001], [-159.7499999999, -14.0833333335664], [-159.7499999999, -14.1666666664335], [-159.833333333666, -14.1666666664335], [-159.833333333666, -14.2500000001998], [-159.833333333666, -14.3333333330668], [-159.833333333666, -14.4166666668332], [-159.916666667433, -14.4166666668332], [-159.916666667433, -14.4999999997002], [-160.0000000003, -14.4999999997002], [-160.0000000003, -14.5833333325672], [-160.0000000003, -14.6666666663335], [-160.0000000003, -14.7500000000999], [-160.0000000003, -14.8333333329669], [-160.083333333167, -14.8333333329669], [-160.083333333167, -14.9166666667333], [-160.166666666933, -14.9166666667333], [-160.166666666933, -14.9999999996003], [-160.2499999998, -14.9999999996003], [-160.333333333566, -14.9999999996003], [-160.416666666433, -14.9999999996003], [-160.5000000002, -14.9999999996003], [-160.583333333067, -14.9999999996003], [-160.666666666833, -14.9999999996003], [-160.7499999997, -14.9999999996003], [-160.833333332567, -14.9999999996003], [-160.916666666334, -14.9999999996003], [-161.0000000001, -14.9999999996003]]], [[[-158.666666666334, -12.1666666668332], [-158.7500000001, -12.1666666668332], [-158.7500000001, -12.0833333330668], [-158.7500000001, -12.0000000001998], [-158.7500000001, -11.9166666664335], [-158.7500000001, -11.8333333335664], [-158.7500000001, -11.7499999998001], [-158.666666666334, -11.7499999998001], [-158.583333332567, -11.7499999998001], [-158.4999999997, -11.7499999998001], [-158.416666666833, -11.7499999998001], [-158.333333333067, -11.7499999998001], [-158.2500000002, -11.7499999998001], [-158.2500000002, -11.8333333335664], [-158.2500000002, -11.9166666664335], [-158.2500000002, -12.0000000001998], [-158.2500000002, -12.0833333330668], [-158.2500000002, -12.1666666668332], [-158.333333333067, -12.1666666668332], [-158.416666666833, -12.1666666668332], [-158.4999999997, -12.1666666668332], [-158.583333332567, -12.1666666668332], [-158.666666666334, -12.1666666668332]]], [[[-157.583333333666, -11.6666666669331], [-157.666666667433, -11.6666666669331], [-157.666666667433, -11.5833333331668], [-157.666666667433, -11.5000000002997], [-157.666666667433, -11.4166666674327], [-157.666666667433, -11.3333333336664], [-157.583333333666, -11.3333333336664], [-157.4999999999, -11.3333333336664], [-157.416666667033, -11.3333333336664], [-157.333333333267, -11.3333333336664], [-157.333333333267, -11.4166666674327], [-157.333333333267, -11.5000000002997], [-157.333333333267, -11.5833333331668], [-157.333333333267, -11.6666666669331], [-157.416666667033, -11.6666666669331], [-157.4999999999, -11.6666666669331], [-157.583333333666, -11.6666666669331]]], [[[-159.416666666633, -10.4999999996003], [-159.5000000004, -10.4999999996003], [-159.5000000004, -10.4166666667333], [-159.5000000004, -10.3333333329669], [-159.5000000004, -10.2500000000999], [-159.5000000004, -10.1666666663335], [-159.5000000004, -10.0833333325672], [-159.5000000004, -9.99999999970021], [-159.416666666633, -9.99999999970021], [-159.333333333766, -9.99999999970021], [-159.25, -9.99999999970021], [-159.25, -9.91666666683319], [-159.25, -9.83333333306684], [-159.25, -9.75000000019981], [-159.166666666234, -9.75000000019981], [-159.083333333367, -9.75000000019981], [-158.9999999996, -9.75000000019981], [-158.916666666733, -9.75000000019981], [-158.833333332967, -9.75000000019981], [-158.7500000001, -9.75000000019981], [-158.7500000001, -9.83333333306684], [-158.7500000001, -9.91666666683319], [-158.7500000001, -9.99999999970021], [-158.7500000001, -10.0833333325672], [-158.7500000001, -10.1666666663335], [-158.7500000001, -10.2500000000999], [-158.7500000001, -10.3333333329669], [-158.7500000001, -10.4166666667333], [-158.7500000001, -10.4999999996003], [-158.833333332967, -10.4999999996003], [-158.916666666733, -10.4999999996003], [-158.9999999996, -10.4999999996003], [-159.083333333367, -10.4999999996003], [-159.166666666234, -10.4999999996003], [-159.25, -10.4999999996003], [-159.333333333766, -10.4999999996003], [-159.416666666633, -10.4999999996003]]]]}}, {"type": "Feature", "properties": {"company": "Lockheed Martin", "company_full": "Lockheed Martin Corporation", "area_name": "Lockheed Martin Corporation \u2014 application area", "subarea": "USA-1 (incl. 1988 additions, excl. US-USSR overlap)", "docket": "DSHMRA licence issued 1984", "area_size": "168,800 km\u00b2", "overlaps_with_named": "None", "reserved_overlap": "None", "us_overlaps_with": "None"}, "geometry": {"type": "MultiPolygon", "coordinates": [[[[-142.25, 10.75], [-142.25, 9.75], [-142.75, 9.75], [-142.75, 9.25], [-143.75, 9.25], [-143.75, 10.0], [-144.0, 10.0], [-144.0, 9.75], [-144.75, 9.75], [-144.75, 9.5], [-145.0, 9.5], [-145.0, 11.0], [-143.631667, 11.0], [-143.631667, 11.833333], [-143.25, 11.833333], [-143.25, 10.75], [-142.25, 10.75]]], [[[-132.5, 10.5], [-133.5, 10.5], [-133.5, 11.0], [-133.666667, 11.0], [-133.666667, 11.666667], [-133.833333, 11.666667], [-133.833333, 12.193333], [-134.066667, 12.193333], [-134.066667, 12.5], [-134.25, 12.5], [-134.25, 13.0], [-134.0, 13.0], [-134.0, 12.833333], [-133.833333, 12.833333], [-133.51, 12.833333], [-133.51, 12.518333], [-132.25, 12.518333], [-132.25, 12.833333], [-132.25, 13.333333], [-132.25, 13.483333], [-131.0, 13.483333], [-131.0, 13.333333], [-130.0, 13.333333], [-130.0, 13.336667], [-128.583333, 13.336667], [-128.583333, 11.666667], [-131.25, 11.666667], [-131.25, 11.5], [-131.5, 11.5], [-131.5, 11.0], [-132.5, 11.0], [-132.5, 10.5]]]]}}, {"type": "Feature", "properties": {"company": "Lockheed Martin", "company_full": "Lockheed Martin Corporation", "area_name": "Lockheed Martin Corporation \u2014 application area", "subarea": "USA-4 (former Kennecott)", "docket": "DSHMRA licence issued 1984", "area_size": "66,095 km\u00b2", "overlaps_with_named": "None", "reserved_overlap": "None", "us_overlaps_with": "None"}, "geometry": {"type": "Polygon", "coordinates": [[[-128.0, 14.333333], [-126.25, 14.333333], [-126.25, 13.75], [-125.333333, 13.75], [-125.333333, 12.25], [-127.0, 12.25], [-127.0, 11.666667], [-127.716667, 11.666667], [-127.716667, 12.0], [-128.0, 12.0], [-128.0, 14.333333]]]}}]}